0,1,2,0
3.3203520085853144,11.579499962674689,-7.796276641514057,1
3.947236707088296,7.168404609469748,1.8051588005442032,0
5.5479075831186275,6.946640984355995,4.478344496805689,0
2.819642845627345,8.13666460536298,2.742216109642439,0
4.741721626976742,9.33234611811725,-9.523127535718515,1
3.6765459980840793,9.07635532449189,-9.968701673221046,1
3.4620647308017745,6.996986135110689,1.4351511006819302,0
3.505317114073069,9.948893391121292,-9.198137908031862,1
5.183623156087267,8.544728654998266,-8.117536589954067,1
4.717845925638548,6.833429251429291,2.812145826593837,0
3.0680618411263336,6.89102243494789,4.493201805478709,0
3.9427464370947294,11.320851239608299,-9.389102802619293,1
5.005957656389214,8.000042012577008,4.057377003526621,0
4.882868433084049,8.99107425095769,-9.93386042540166,1
2.0657758318610657,6.663530580670169,1.9597690923385607,0
5.855046206249969,8.773628124567058,-9.60729664786098,1
3.170045222757409,9.246635433630162,-10.082021899517793,1
4.606411494022731,8.99078280370296,-9.85649205765195,1
4.045132999897655,8.635190697618942,-10.427765658516082,1
2.6594093558578478,7.118449817810662,4.433950684352325,0
3.9454796256035918,7.69563666389533,2.073000504611791,0
3.619059336182436,7.5090263858221435,3.309536372289819,0
3.782424254768771,9.133245449236433,-8.175883288313884,1
3.756707434308381,7.043205586240112,-9.055391638947775,1
5.752742975744736,10.249807557110287,-8.088290539505497,1
2.3499593599895596,7.495988743946691,2.5864045065784125,0
4.23017789253702,7.270839610383068,2.720618298174155,0
4.1104904517793805,6.374608173581964,4.636300361571437,0
4.765134387364235,6.913124112248328,3.2452017815452594,0
3.334618878505408,5.130509528494273,3.7313647521405535,0
3.786787553598757,7.2250876998928595,3.2038966689264115,0
5.096557800787829,6.9912291891389415,3.3220124885474362,0
4.6295864106452465,7.729754419690309,-9.590911286584298,1
5.400959518792451,8.889780245660633,-9.427477498546573,1
3.6133701601027295,6.104686001049798,4.493793529061242,0
4.184980193362892,5.2858049299640255,3.798297334005907,0
5.115480772596051,7.518894319650408,3.382888958056514,0
4.233659332846964,8.166012611864504,-10.640258052928672,1
1.3656821990654118,6.309037233330648,3.23091912031203,0
4.971694000089482,7.459945644498392,-11.172725731769713,1
7.214224465279202,8.44294671192166,-8.994193910901416,1
3.982294200318638,6.342724767197065,3.3993429526423236,0
2.170608982864982,6.605543744565467,3.225366336283131,0
3.5798534747067725,6.46006858564333,2.9040666974612446,0
3.406950038589902,7.469660689604683,3.244540936735615,0
1.4977367021889343,6.437210693899207,3.557214677916043,0
4.2199516306285565,8.453686609071912,-9.07712227195238,1
4.538609201241607,8.29455988577522,4.4442096404201035,0
2.705687076686891,8.179314280090114,-8.237695792677448,1
4.530222889372512,8.349894455118658,3.52749823830009,0
5.063616451529441,8.169133554532984,1.832317680152598,0
4.046857720009929,6.093499939546888,2.9813316440571325,0
3.760975226163501,6.172936976577876,4.728772551525776,0
4.995645598058782,5.105183569900676,4.591391770876148,0
5.757032104916111,9.583443197538697,-11.261762692272534,1
3.6023985683425823,10.04925762130345,-9.068453119388685,1
4.569558999500029,8.41851433916126,-9.088198382072541,1
3.7106515740459294,7.380726578454126,0.33477640607793235,0
3.6336715014422385,6.888449048386929,4.8813375521206614,0
3.6532162927017953,8.13695625218511,1.3750900138197726,0
3.8553559019372745,6.6367803813993165,2.5870084868972167,0
4.910247897105753,8.343265074017719,-10.389523511722484,1
4.6762773196872995,9.05968068331537,-9.71540773325091,1
4.744020772994355,9.925613879435533,-11.794766656163507,1
2.1313775301579634,5.083033133352432,3.1831468179244853,0
3.1451479739414037,7.112471553503754,2.7005298659364847,0
4.45571453504442,7.468939091532715,4.465569927392746,0
3.869822455888769,5.622369461364488,3.41841359451397,0
4.8071070721455245,10.050650494854386,-10.412871230738755,1
3.942017815471653,7.520660354514361,3.133135337700317,0
2.6670546057171918,7.90425658310089,-9.797923919036332,1
6.3674616599003375,8.514565019006914,-12.066665413502779,1
2.6177969640073524,7.021566478540342,4.56666548045148,0
5.301981520135875,7.931820649239997,-7.109975944999356,1
5.440802088545492,6.471877298125532,6.74756276958279,0
5.712140834042832,9.327886227755968,-9.389272304875618,1
5.291809676588188,7.374918879693363,5.196322428864897,0
4.338400697251112,7.884816693139552,-9.305879698452706,1
3.586831819473941,9.84205873700143,-8.42399026540015,1
5.14056941045415,6.456223103548325,-10.61304344479772,1
3.6206076564091116,7.7897256511424136,3.290834423696719,0
4.496176332099091,6.056638166518782,4.331043669872171,0
5.755609371479105,6.354754042817179,3.672219629455009,0
3.9521387230472165,11.197968437753648,-10.88700476981992,1
3.2211197134667344,7.66963518502838,3.1582968936025826,0
6.211614001830785,6.068292692346251,3.7010064778950684,0
3.6596821759699205,5.738933791354499,3.649324135090027,0
4.653797496131854,9.741694127190952,-10.166371250956752,1
4.330041114894164,9.81270642744905,-10.699391405281245,1
4.098115895733475,8.739010387333895,-10.694489585557445,1
5.327324584385866,8.562590560979535,-9.00183071962562,1
2.8711002594293706,5.2088107335946106,3.8038853780888795,0
5.208726254650905,6.008557451638808,3.852730278033172,0
1.593503683636008,5.290553999295981,3.7112830195232474,0
3.337936154434684,8.55369382036584,3.5828302617057166,0
3.6624180901371584,9.602472082981635,-9.565867349881286,1
3.6946222802409676,8.629840332392352,-9.674722393934633,1
6.153530482143061,6.1352607158114845,3.1205334517222965,0
4.211482979043652,6.888120247304288,4.050674947318415,0
3.8851844618172287,6.027867122690232,3.8426606758013713,0
5.135227087827235,7.582685614262815,2.7115245560832895,0
2.877392903021561,6.841988409525341,4.544668302694753,0
5.168617853840356,8.981996407710035,-8.611366858480382,1
1.5430775347084995,8.616689819548162,2.5217169572755043,0
3.145186120656476,7.059779536738409,3.740132543066892,0
4.14609232632631,7.789647830683696,-9.287588320699493,1
3.561905970185267,8.788235878981013,-10.300990043300787,1
4.734372994820982,8.774135532103784,-8.780886754094194,1
3.6291983311185954,9.597076313075029,3.3496580546228594,0
4.990315345279901,6.343626774330901,4.2552874568233605,0
3.9486755724333618,6.100729979384939,1.916663271735692,0
3.2594200934863826,6.919241293120798,4.7543273524258645,0
4.261630215118177,8.058735578033103,2.566913429163491,0
5.121761440711763,8.352348921888032,3.4365500116845134,0
2.4949080471924914,6.985968511664505,4.634647145627181,0
2.835782422397151,8.684954384087442,-9.63733392519125,1
4.230943336738186,6.826835655327404,-9.64202025266291,1
3.839792586116257,8.742472713326263,4.0664283740464455,0
3.4737109236527948,9.678362848640663,-10.204423359007798,1
6.564749643047779,7.304330771892606,-7.796230027948549,1
4.681406040370225,5.450094483751089,3.0884227376809212,0
3.6423374229026537,7.553511708713409,3.4077851462351734,0
4.757746117038505,7.436881351345506,3.79254058135131,0
5.076943174053947,8.60619230932503,-11.765175942059685,1
3.6083118898919073,7.768622795715584,2.945617025859316,0
2.8756059671466474,4.139190983320351,1.4387084561307222,0
4.557789570937409,8.68622203806365,-9.21415591108239,1
4.342617000308545,10.989973514479091,-9.264191056549901,1
4.089283092396214,8.338556061427358,-10.11050443035957,1
4.799912266309562,7.565920584903866,4.099631671888167,0
5.1035784283330425,8.859740935940179,-8.012106878320179,1
5.265542681443597,9.497663274288422,-10.54104922261978,1
4.951586465522177,8.93203339230162,-10.994827558748286,1
3.8170837098522683,6.9603541914578955,3.6078297751017785,0
4.692438952069781,6.474939376497997,0.09157632207452648,0
4.469064263147203,9.083569585314448,-11.332425455648423,1
5.020239767139653,7.165497321383002,3.0421173994413047,0
1.9886295880508462,6.1538147278408895,1.8953433405455309,0
3.92782566632003,9.674684736595745,-9.738228956760093,1
4.6846771825807485,8.881909368293156,-10.554307907983967,1
5.640159050463293,5.257062527311216,4.914711642692843,0
4.670229376328783,6.219084187335893,4.371231256189882,0
4.4443985536603305,8.061171541382723,-10.484269137027834,1
5.167726782033261,6.7183069038076475,3.021773601073734,0
4.332125002605669,8.7134943478787,-9.837445206156382,1
4.3653335821530765,8.535970424876046,-9.372210144856442,1
5.37509450992583,6.562618883417537,2.6994966307197847,0
4.597922184880899,10.035986231638267,-10.948194645651128,1
4.216102096099451,10.1660351951138,-10.817800877867647,1
3.8747830411573356,7.231885985063246,3.9590092107329253,0
6.163295680216088,6.267018365573761,4.373550574256638,0
3.783586369623205,8.551161649302154,-10.664561780763341,1
2.709367959917448,5.849829895165037,3.4744331549201566,0
3.9165148623573747,6.807210251255682,2.886713810757089,0
5.026077160225056,10.06579789693195,-9.367212249123089,1
4.209221657770998,9.383836963451891,-10.586186287197632,1
5.680986970870657,8.94307767259464,-10.256852118235471,1
5.563536098139922,8.037967713820438,3.8902885591418332,0
4.632666628815987,6.739645161333554,2.589014860659957,0
4.91664512103783,7.70889476802533,-9.736211136422765,1
4.237927684860716,5.127107633576209,4.374919337417456,0
2.267071009672243,5.696539968335063,3.863517268391434,0
6.409509820622692,6.282906405253446,2.7725048844684865,0
6.5317890978381445,9.630572143167647,-9.27043646121167,1
3.6748424550012873,9.554895402888633,-8.956881862097651,1
3.7209654858702796,6.896985495489675,5.266580446434153,0
3.8816365815696208,10.183911460793183,-9.068125324243882,1
5.579408626387472,8.02370638418793,-8.87528571572912,1
4.654237228966451,6.27814265839582,5.269537814948756,0
2.3534998304404215,8.518586932025826,4.269605179191521,0
3.4418894737963224,6.628171696783024,2.588342845135309,0
5.993357763617945,10.332232375335025,-10.670141264648747,1
2.9521761624192973,7.051144175242611,4.671630548545254,0
5.995599153871701,8.898683701288142,-11.22920892457409,1
4.469443376086852,7.2404897951714124,-9.315026963182751,1
4.001896629805245,6.635892621134792,1.84234093536369,0
3.5465714209751007,8.234488197446657,-11.320222604757447,1
4.569148312896703,7.818031002536591,-10.783595197957272,1
3.3793235841749394,6.715967690344898,4.731144857881609,0
3.1280747322523434,5.403806768657651,1.2477907173973595,0
5.2160845571626995,9.661960047343808,-9.21358552975511,1
3.788713441880193,7.484717346869024,4.708522223271154,0
3.5725691900132808,9.105292161271482,-9.87619679172284,1
5.5894183348820095,8.763088520442299,-10.581841524251606,1
4.054383909043926,7.08749645613628,-9.629476185389743,1
3.6205426796794384,6.368800563004377,3.137699908886806,0
4.4322604730773145,10.452915274424083,-9.270990795863572,1
5.916714230216604,8.645855189005303,-10.837039889952276,1
5.376011505987142,7.914845532619393,1.0585756271344775,0
3.380801188558401,6.8929793588324095,-10.568394447942989,1
3.6596722791696266,7.844485609774368,-8.991059684427533,1
3.9015998536471965,8.632051874075977,-8.537825181679187,1
3.4076561874693345,6.874810327635572,2.0156421242438283,0
3.3858631210728594,6.1258613330757825,2.2101290038717294,0
4.785761250285193,7.126162327591297,-10.538065075618215,1
6.339838165852757,9.103219522335616,-9.691513210157913,1
4.715885217885641,9.682083479453738,-9.309456453132805,1
5.480359417621319,7.580039478441682,3.2700267475555553,0
5.776949732120766,9.00121411037357,5.249230890571929,0
4.01704108495127,5.9517440482583215,4.844144351047307,0
3.8224754980859688,7.150149570546422,2.9211712599302118,0
5.5033957172682495,6.0577564564106305,-8.684040344745965,1
4.575007474160204,3.9911616779231665,5.026340875843665,0
5.264556557272844,7.659976489774258,3.4977354118612682,0
4.721561917930105,9.442408063589104,-10.694902242309082,1
4.342843624843745,6.973423771572648,3.444730461986422,0
4.389387314943115,8.981284113867673,-12.301209611854544,1
2.1639277404750317,5.769400417843132,2.389718370214523,0
3.3401545666710364,10.927700700998011,-9.119541794360455,1
6.025175454294487,9.506033590528503,-10.590935920434944,1
5.379841238749801,7.612182890184402,3.2855587218169706,0
3.591419303895505,9.212187040852163,-9.011369566782866,1
4.51780964097076,6.818303546058552,-10.18258013999835,1
4.133080815367045,8.604047512234214,2.7754310861658245,0
3.750087636098594,7.9944984979397775,3.341862331406757,0
4.541773290619296,8.362451564294501,4.4490782504041855,0
5.212940023040422,9.76149141630287,-9.346468327100729,1
3.6298325007691217,5.366128358625141,2.639781367616776,0
4.042891261714253,7.26932161428325,5.369541893183133,0
3.971277294627699,6.830548143586445,4.6741178609169625,0
4.47854184363122,6.340403145824531,4.617495270981522,0
2.702242786208668,9.552393175831744,-8.609781572977436,1
2.944737696116836,10.621443635226829,-9.102225026210958,1
5.874193473875577,8.330345993414724,-8.912750724749168,1
4.005271309416043,7.696647661384694,-9.353802764160067,1
3.396950252886607,7.457256983201459,-9.094204365723343,1
4.439840030588247,6.356571804889407,3.9598905269420452,0
5.967873217081534,8.510775131703252,-9.43570942957885,1
4.606756491884732,5.452606549109291,2.2632769428461676,0
4.499342509902093,6.752849566476291,2.7002326428372547,0
3.85855138178847,7.517158723496062,3.194280387642907,0
2.6315175003203812,7.30257624439673,2.7686915731524304,0
3.5160367919518363,8.067998692926118,-10.415496493330828,1
5.198463257205594,7.25634758425449,-11.490513421230968,1
2.8805726576713555,6.7352516010127195,2.347696648083533,0
4.2144192028481156,7.271690926896046,2.198015791392862,0
4.647781291232128,8.898964402215336,-10.352973379589555,1
4.51923952352712,6.58861308363558,4.316843689822722,0
4.213044587896092,9.327866586497302,-10.92418448056816,1
3.5569472621628018,8.444725213902444,-9.731506146714887,1
5.12459492620387,8.254861040233887,4.219240529088848,0
4.850035164053036,7.061874117307946,4.579203314514373,0
4.299560279187872,6.452957680429924,3.0029034883393946,0
3.0484160823041604,9.268198981771578,-11.131697981015328,1
4.792817902370348,8.962931218994576,-9.826697632671582,1
6.921649176764262,8.563245125787535,-8.630874162646379,1
5.839442619337734,7.086121698923777,4.932378437826213,0
4.4417265580235545,7.573446513257694,-10.714703527369686,1
2.169532401035343,7.660133091974265,3.064067132055845,0
3.4518294807424748,6.260828210519426,3.637955679806272,0
4.260143339488509,6.966810078605699,3.8927768211160028,0
2.1477631531237353,5.724602598896765,4.07314110329805,0
5.740690802476532,9.313334337524822,-10.443730922983788,1
4.13741156491113,8.808382411646702,-10.905954155659145,1
7.148671688912256,8.671591293549545,-9.07011491545254,1
2.4237985741906964,9.642623375746982,-9.216540163386473,1
3.060057625810905,10.034615013873466,-9.863918673962791,1
3.8109038789741034,7.891559327116766,2.804694244025983,0
4.974574248103613,6.472653028752342,4.013960907221428,0
5.1287053759703145,9.49530450120922,-9.393438174438163,1
3.0649813726273,7.524306010146609,2.7438435471203855,0
2.6182747886256665,8.268757002898543,-10.341555556345417,1
3.825792195854144,6.940387879203994,3.851159214923083,0
5.212833442608696,6.432492121668537,1.9428402089137993,0
4.635270017224949,6.473018586453321,4.151177911132199,0
3.141654142379415,5.902048053622275,3.825372736773845,0
5.319380152881653,8.427576457074489,3.001238694465033,0
4.821363004017613,9.535287956681586,-10.155363925200808,1
3.4572130303631763,8.90108115207775,3.031784683301756,0
4.6180899390281285,8.663453697348613,-10.871441294421171,1
3.9106080151367157,7.726671705787138,4.623122574306063,0
4.025453998273739,6.086728181384744,3.5877660010801526,0
5.317082554788733,9.231888574541172,-9.118426547838945,1
4.741376433086737,9.254144614634715,-10.493165136036177,1
5.673854778831233,7.549209129945833,3.747012493434597,0
5.14253518816195,9.497590703142572,-10.598257644262432,1
3.543527441204811,6.445174534271232,2.252162540938123,0
4.515719542053954,10.314745218707388,-9.30102439974377,1
1.6933810891006833,7.819195793852367,3.7191890411712687,0
4.4293296678894265,8.405115199352949,-9.353157809132913,1
5.217858835926206,8.493065419855998,-11.465736451235916,1
2.942922046655129,3.779816813542824,1.4803326607894176,0
6.5788683381258615,8.3498875898495,-9.774234784367373,1
3.068542400278524,6.852284570082156,3.585514199859242,0
5.0157180119969675,8.037689365428722,-10.681996130912621,1
3.8271454326250574,5.597674680931721,3.3921072042280063,0
2.906844725227664,8.221107020113223,4.072554462111392,0
2.557207836285664,7.00116024367001,4.043453972351621,0
4.210508072268363,11.16341361890048,-10.37904229053191,1
5.045080329922285,9.6649207308363,-8.182793272246975,1
5.544056661104427,7.561321304190507,-10.371954910331276,1
3.814762678337889,7.477523288196669,3.612700705714845,0
4.73790469174447,6.089711601636469,3.861584571962884,0
4.9263931285718545,9.221287743635227,-9.423255260810286,1
4.785604610824944,8.076019626706053,4.389150110929432,0
4.614465962445635,5.636323535008215,3.234928041697471,0
4.006463720720529,7.754652783226339,-10.676590005902138,1
4.196111973860403,8.94300522570528,-9.487374954742739,1
5.212448389183008,7.9166480358520435,4.473843905847307,0
6.331439721320624,7.323352145537156,3.5749072656411376,0
4.0390110949848435,7.459785611658094,3.46036634664703,0
5.546098398406375,9.69076990677398,-10.196415160183065,1
5.649511371476591,8.735895085602829,-9.435657263404195,1
3.581675034477135,7.804113330739057,4.568402517954814,0
4.4732357394217654,8.081051581971689,3.499355515152396,0
4.270476505449596,8.719367586994537,-10.014645586823534,1
3.9537766313639193,6.8313862180545994,3.063932804850201,0
3.209637924059233,8.480928631514798,-10.42449514570432,1
3.7588583014945725,6.440535567597206,4.737097636604313,0
4.855843911891641,9.837663268056763,-10.27358648872973,1
3.1679318950811637,9.81007861991509,-9.793986490441956,1
3.7924856190739065,6.698960461249621,5.333149019264099,0
2.758462126645157,7.022033389272397,2.9468249864740503,0
4.740159823063492,9.470503889188823,-9.643563247562183,1
2.178063547336694,7.341443870886808,5.218017470584193,0
5.267289049704272,6.1804601128815015,3.7669360730452457,0
4.53871327111105,8.21239590309423,4.660388845552006,0
3.298960856967907,4.123601632162338,3.8133630316683296,0
4.345763488993712,7.238710124907068,3.840567656653992,0
3.2718243765114328,6.585000238835169,3.0696993438177853,0
4.421900366193911,8.755887207209465,-9.169927031461699,1
5.707928804892353,8.580761624086955,-9.373092681633798,1
4.899282750021813,7.458423668547534,-10.401239951437054,1
6.060786516684404,7.814608839990334,-9.844504481713436,1
2.846129343232353,7.6082752538007385,3.492192019518652,0
2.7934859607575513,8.206434381042575,-9.07845334014059,1
3.4945244212802735,4.741282199538167,3.6585677256489744,0
4.596113647278588,8.736735339843012,-10.702724053983276,1
4.328791579622868,9.811398465467027,-11.071316352482288,1
2.4063107892724256,6.117423381095974,4.477066515448293,0
2.086323571513124,4.713955795066694,3.733825360322492,0
3.2763993019184445,6.693411783554201,5.063604915741486,0
4.371308789067253,6.922953798890818,2.556120110639882,0
6.09725521797132,7.854847775520969,-10.719658140813008,1
4.574267727722718,7.199630352106611,2.7345644671239935,0
4.628629728298447,7.097678325715089,4.5963644826213415,0
5.443913815089935,7.451638871086832,-9.808161703542224,1
5.475426425411763,9.496899074916735,-10.060779860544493,1
3.9643599073769686,10.506204958150935,-8.642359884464895,1
3.4745975321940534,6.898610825580167,-11.011259228664779,1
6.140263135274552,6.3406585919215,4.103059110224611,0
3.518604965050689,10.490207683124465,-9.423187243469387,1
3.539135918130963,7.531811641826503,2.577666064277443,0
3.1763891431417033,8.063686951419607,3.763385302764424,0
4.695427279163754,9.937499576832614,-11.258931820582758,1
4.340431709354317,8.009311486813402,-10.964755272909322,1
5.204958747311868,7.82008577572449,-8.715056800706856,1
4.882453275175886,9.138875701508587,4.381998001320618,0
4.6851345291831565,10.044437579123313,-8.622429475494798,1
4.383656911438592,9.0993210133191,-11.273004069996436,1
3.8124591136390165,5.6129000812783065,4.312192123500235,0
3.9865687464573303,8.812645254059062,-8.243348324966169,1
2.129930723192818,8.043290705251978,-11.048324919707174,1
6.696743507097291,10.072041028663973,-11.035299001553089,1
3.8294590458301556,8.030790262511537,2.9414139195647047,0
5.236865481693915,10.253218277240661,-11.811798654828092,1
3.946784300702116,7.798030557550606,2.4950262124018767,0
2.919949451147507,6.307962111338923,1.8473859477681198,0
2.8761363567101306,8.78434263845663,-10.323382756451338,1
2.4786130813974117,8.03631965277477,2.626888272850141,0
5.381623446943523,5.139630880421969,1.8259285159969858,0
4.663429641888837,9.708563149622162,-9.63637967729141,1
5.313080099763168,8.044112427954358,-10.885597788836161,1
5.2306655582729,9.293430850645933,-9.993304264751089,1
3.9561344609382467,6.472750435395567,3.9839142860193064,0
4.796093129122993,8.292335347037902,-10.119586130179353,1
5.714082276700195,5.2683740331028535,4.049996392410737,0
3.6978833444264723,8.2490155009843,-10.421666761923852,1
5.398381516011399,8.786049941806215,-8.964434691728012,1
4.161962171448162,9.076926284764854,-9.670292173306098,1
4.3170651573702665,8.088316655611768,-11.025118872081862,1
4.247545609845937,9.437273447673162,-10.525049429865753,1
1.954532218248171,6.097595778648849,4.591963278790823,0
4.675604225702348,6.14326791225727,3.4766554416154722,0
5.974758061642699,8.863228951703372,-10.082339062726719,1
2.1542781939746103,7.4462451509526035,5.063850028549147,0
5.4469198106850065,6.4826327050011425,-9.252163793713768,1
5.020783921929837,10.743602894369713,-9.946679431940927,1
4.951150035136692,7.804239539530592,-11.44616676009569,1
4.833207258629738,11.308318066316836,-10.736684153022106,1
5.557878107505,10.50913682040736,-9.688212722554837,1
3.885876685817073,7.920287978676651,-11.59235197450925,1
4.566368889208504,9.89209812897129,-10.005052374482734,1
4.264576538313179,6.9630208630471175,4.845875304899589,0
4.000153036785796,9.888235866420999,-10.899833774071144,1
3.626492887198969,7.057792586323751,4.439757176210206,0
4.515681400446109,9.922522333018597,-10.706722067409267,1
4.569763345758382,6.566902008169944,5.691882690961251,0
4.8931099325297795,7.574460824505013,4.313441335081572,0
4.130616296615352,8.326750495047637,4.019243760225355,0
3.1338913381513622,5.384581534059657,4.579810452643932,0
6.743792264336882,7.405026480635039,3.6099422161380694,0
5.807758446310814,6.738469756033987,3.5866792608158695,0
4.871460181581978,8.599922785505735,-9.925086319927702,1
4.417758685999478,6.907169566358982,5.213489048020582,0
3.178296706481369,8.79371324837889,-9.748822796771975,1
3.673704050107996,8.593628697062066,-10.297723797169636,1
2.53431951705405,8.973766220948242,3.715350074214529,0
3.316591235862841,9.156188451750538,-6.739823938519237,1
3.966477961390866,5.613575315276008,2.3010702227320206,0
3.8413369261365857,6.41372676669176,4.874323629239115,0
2.367026847387588,5.514182278792744,3.010455609250389,0
5.0651260633444855,9.375637569647214,-10.292207214430375,1
5.1831718661730015,8.192736192197394,-9.567058774191874,1
2.1398869562781058,6.984110230231835,0.4354161292643077,0
3.8230134296655733,7.3504913843810025,4.285438646212041,0
4.096922014597361,9.008660096786311,-9.680518583818824,1
5.323086329088686,6.459387486178431,3.9726658251237597,0
4.32002131029751,10.615216660951209,-11.547667809280524,1
6.117695479996772,9.708366189573203,-10.75170485360227,1
4.9939910332680375,8.422760874049194,-10.146654768559651,1
4.9548198836831885,8.534774483004993,-10.529372972944639,1
4.377008579858698,7.505954681703628,4.590976822066928,0
4.7362160935237725,10.428944437045706,-10.989043566054493,1
4.81480606275941,8.583474109999136,-10.064922687900312,1
3.4080434518739615,10.024063120777265,-10.99745732587132,1
4.573138262939449,7.95912373863665,3.1853320920675117,0
4.37752718677226,8.874107170735568,2.4635872851414042,0
5.456477494519509,6.687426756857466,5.048431858796473,0
3.620824061290075,6.510548229356349,2.4986431211458395,0
4.3521026624502746,7.821644214506011,5.390339647866099,0
4.178316484835843,6.629922298120868,3.1903093984935604,0
5.1527436808392935,6.27354869026986,3.8137285615965126,0
3.5637966002872012,8.098587435974807,1.542929258942113,0
3.464272139461497,8.38325435759408,-9.639963401456495,1
4.235787566590781,7.343814188658563,2.471382174829094,0
2.0802558341774615,6.3813588912977295,3.222069597168638,0
4.63356579838705,8.543447387440889,-10.288791526991666,1
5.424320095998018,7.794997913629828,-11.372719913921,1
4.725752714605371,10.3563210171936,-11.758233408206708,1
5.20497467032007,4.401593574818199,3.968768602161501,0
5.63018196239979,7.547846924857231,3.917048251171247,0
4.218202251928156,7.3878127655937895,3.9522311837934763,0
3.9041104230446795,7.919826769677386,4.357841579048777,0
4.142225284096869,8.731735112793654,-10.292942749110182,1
3.5581364902645696,6.9267396668907955,2.4751897502463143,0
3.7286726015372786,7.865118499467181,-10.295827760527928,1
2.272296490188216,5.885811278921237,4.199003029189837,0
4.305296221055742,6.571053353379458,2.918985444345589,0
3.500416480164189,9.370164972327682,-7.99530726496014,1
5.425850433195691,10.388225600804109,-9.924987632222008,1
4.650506963334152,9.236288939013017,-9.703732542498104,1
4.539191345721082,9.036586287412483,-10.234999256353438,1
4.716099950484137,6.739524215542899,3.417679188172297,0
4.429295671960349,9.412672128320446,-10.531296006654715,1
2.3821740591232254,5.782212313984099,3.459213973742113,0
6.641459987940451,8.823888329108488,-10.44562048240231,1
4.195740179414984,8.766111799978075,-9.309224290104464,1
4.631427636406021,9.545150733140382,-9.658677034176511,1
4.914859454932988,7.852241434054567,-10.315162635809283,1
5.947308731876199,6.201906625915179,3.0174485803328364,0
5.3055309234325945,9.611841802062157,-11.147080992410245,1
3.837852881256232,7.159702135790952,3.3956392002923614,0
4.866709829556348,9.543207737196827,-8.915281156285,1
2.7102617407014113,6.147700593273219,2.580489002673736,0
2.811556375533513,5.492500147549384,3.4305963028725994,0
5.199144693776455,11.48053312401718,-9.794855905212957,1
5.323330140532109,7.611212754136824,4.912103110476558,0
3.028345351870162,7.99917497370701,-10.211856890247699,1
4.818859527911926,8.732934844441631,-9.212723752576109,1
4.387221570228752,8.911386343859292,-11.68332134117451,1
5.335991667678291,9.96820207179077,-9.825224641017337,1
5.373154322984456,8.372446098587314,-10.504857466081376,1
3.797489231358381,6.642329785153671,2.2499439155699603,0
2.955004316497508,8.603408256201778,-8.26863829061271,1
4.173759011978189,5.795769120577847,4.577437283352968,0
4.593794226880278,6.68162992013073,3.778169603734181,0
4.952867779249324,8.846211463186888,-8.786721105672415,1
5.624373281575441,10.148763753890556,-9.439246869941641,1
3.010537736858853,8.729847676321919,4.688029532511551,0
3.985755026420775,8.431452771143006,2.8766652760723974,0
6.858416032016612,8.418698777336296,-11.399406853441684,1
5.754690167349629,5.160234603611049,2.8504676655585244,0
3.250406381636784,7.825622300343264,2.201822184424435,0
3.903795145507729,7.019393365629799,2.5136056974487095,0
5.777677122143592,7.496430129296989,4.340804273677902,0
4.896794673770497,8.583433342634272,-7.502866843673001,1
3.936249527569247,5.49783104776885,2.8294566009817115,0
5.3626915825559,9.463926234913796,-9.650713805697734,1
5.4767024992224504,9.004279241379464,-10.005122253177996,1
4.429242303278002,7.933199437533946,-10.386827296286375,1
3.002879954761545,7.697505758837849,2.454888003237617,0
3.126753324910137,9.122168868583376,-8.923296932899492,1
5.987223439637495,6.272884980401315,3.156576724558246,0
4.621936532568223,8.780689133986776,-9.315091947486074,1
2.408837270420663,8.987509571572582,-8.979306574948028,1
3.1056776154563663,8.253339081969209,-10.393714700101349,1
5.086878361946116,8.87396330544971,-10.420068743625581,1
2.570157688761361,8.663807813245931,-9.859229594802304,1
5.524403339939539,5.5826096552151085,2.647942073484987,0
3.4734068658800226,5.805346014686316,2.49223405042864,0
2.376626923412875,9.09983856297574,-9.000207548866044,1
3.937055414055782,8.740237148086406,-9.051620568485163,1
3.438514260246093,7.5864334479646045,2.9426312337818983,0
4.122676719019278,7.097063660999719,-9.072004287653543,1
4.368253201105488,7.406678515188052,2.6163277316037004,0
5.671175820036941,7.710745460904835,-10.283643939693054,1
4.93719147263324,9.031950255864032,-9.53100673641397,1
3.068387436494372,6.76673809595905,2.418707461741479,0
4.509935831593079,9.059063313281355,-9.946558571718132,1
3.905272683886418,7.249447284688946,2.37100403411944,0
3.4370209852572358,6.77423558928288,3.5493149836609708,0
3.9721743157921248,5.247576618456121,4.3145814513739325,0
6.593057824658013,8.073862695380452,-10.237057447371674,1
3.2283354802275377,5.813327224116689,2.581381556677912,0
2.9744409094497093,8.402712987977862,-11.149414827822673,1
4.877530884037397,8.839349330519596,2.3723863646145102,0
3.402818104031538,6.485350659744538,3.1551115546624597,0
5.035865886893895,8.511124410484683,-9.822001571161117,1
2.7960212792006587,5.959347850383786,3.137163808938827,0
5.003470750230504,6.273846220001797,3.8406566728768587,0
4.581323145059832,8.499855145629137,-8.226251000331855,1
4.067752980502611,8.785504676540683,-10.213813021073609,1
5.286980415024281,8.615177941739587,4.795485941811911,0
5.0001164575556185,7.327765101425488,3.401978047811324,0
4.866699750023078,8.043624955967793,-10.226071460450788,1
4.162924207451969,6.458548628814404,3.273646485608267,0
4.686497528429014,5.9333042670484435,3.473210089974267,0
3.267067053162906,9.89077272394807,-9.219145696082167,1
3.5126757192676106,9.015084650101572,-10.940178022487823,1
3.111810646711415,8.017088960676125,5.2523337980139715,0
4.792927057993721,7.218933137577893,3.694537108580341,0
5.925659149969442,9.564691151938481,-8.85103285652446,1
4.40868685477426,9.116799435464015,-9.541545761596623,1
3.806175838850952,8.123834988490245,3.9509761117404323,0
2.0920409469472627,9.647225412361474,-9.19462728326604,1
5.354293465250127,7.439791223798742,-9.146694645664311,1
4.911999026070858,5.93955838984716,3.5340261612171036,0
3.180103660337635,6.554253695232301,3.83484726558118,0
3.8764673828933556,9.968702855772902,-8.29052891854857,1
6.430041807617616,9.140347076778111,-8.671346255966185,1
3.053211243858323,6.58740446603162,4.885749979123784,0
3.601035824777745,7.936733802959014,2.892018208785523,0
3.8585253957332317,8.137762945099382,3.00087528094791,0
4.498317633095306,7.167759490158548,3.2848998412650636,0
5.121450555732593,5.660935114220686,3.198145416351487,0
5.199051959436965,9.107678585531644,-8.602316319186883,1
3.730589339963847,9.94349636604361,-9.328816935171288,1
4.203066282648474,7.150972208176281,3.1038130206522796,0
5.038363115557569,8.060394721091074,-10.433572191449928,1
4.962763618189096,6.759272619059901,5.127537299130015,0
4.3573540558493695,10.27035849665797,-8.814142727766184,1
2.833103466730517,8.153127278995168,-9.95161773430087,1
3.9869948382538496,9.609720609770172,-10.207693077964308,1
6.182222801169009,7.788630925119566,-9.89302624050129,1
3.9788485786701004,8.970649725244023,-8.809261527654728,1
4.922675164328624,7.764387132972966,3.903499727223872,0
3.951727007753528,8.104709033304731,3.253644763657056,0
3.4015717815631774,5.698922283736984,3.448208324964921,0
4.236831080755662,10.727150213807468,-9.646608605354572,1
1.5297923045633453,7.380935875632299,3.0489495193153777,0
3.821248550018309,8.16167748366415,-9.365915800183448,1
4.367785800913742,7.136825133093664,-9.105742361495507,1
3.8167945644687196,5.976396105772221,3.1580457635296395,0
3.660801489731511,7.481968185206629,3.1789736623783664,0
3.9619323953349768,7.442091940052234,4.436483842439096,0
4.975011917482947,8.98577707753686,-8.088860054218117,1
4.999238162481267,8.58181000805997,-10.330334868828928,1
3.78573888009244,5.026050980236267,5.007677297246057,0
3.510574835430327,7.641133282341167,3.305891768999011,0
5.950265349305046,6.762701810035398,4.2548556199521625,0
4.756736209393571,5.780211507519886,2.8870833417572235,0
3.564396765032509,8.705834306202856,-8.73151888632943,1
4.5258824707872165,9.239175423525415,-9.930897258690765,1
6.774523260970835,8.800422332136119,-9.27582351638529,1
4.716145177729394,7.166105560651484,-8.134856434870333,1
5.690072996564128,8.349339341271364,3.8304162391174805,0
5.209928188134754,7.315809474270739,-10.286783401733246,1
3.290172054282345,7.059891014403029,4.674488722390624,0
3.419946694045697,7.277108003167149,4.337124429063429,0
5.358621279011952,8.451518471673985,-9.041904438137545,1
4.933764459952238,8.147111102938963,3.052972196495739,0
3.4932976589867986,7.620402077419455,-9.23124354043467,1
6.06699893506123,9.028201416786528,-9.31483999216376,1
4.695724488364114,8.951758038756104,-10.880558326106623,1
2.663109305740374,7.724165681975999,-10.356997924108157,1
2.8862067379650096,8.282296921462267,-8.176923549600772,1
4.508681909512562,9.135076989761242,-9.838749418208929,1
5.6858704320509315,7.4572923246434835,3.6379756107433483,0
4.6958803915202445,6.857657100598317,2.7005283990061177,0
4.459169682348596,8.944592729628054,3.970973043962965,0
5.3779440455541065,7.31031654229262,-9.773604515178196,1
4.192050912631932,9.306017996175445,-9.352000740351844,1
5.267733176787402,5.13441851809845,2.3586130562537386,0
3.517333798675625,7.717963493512589,3.9694973453834765,0
5.68589458987204,10.271397281842365,-9.815772569651283,1
3.6777960034766806,8.904235838884455,-9.931327863316925,1
4.7971853696247795,6.159346563848123,5.0941600080330085,0
4.263673627269565,8.183837857239276,-9.09341517461866,1
4.582065739190805,8.388842915726574,3.2771898301475755,0
3.603887971076899,5.410428879185634,3.447687985356246,0
4.845816293753227,11.234991671631503,-8.310506496492659,1
3.0448709048009945,10.105275600079057,-10.166345466784147,1
5.701916271852915,8.761125248594036,-10.366803591386097,1
4.9983389678593975,5.609073936467846,4.705458592286512,0
6.356934808409903,4.917653578561471,-9.854901976052785,1
3.970517952442254,7.717239345339825,-10.640615885354237,1
5.6794487497017325,9.516776456709447,-8.148739886438985,1
2.6253451917696786,5.9416174107061845,3.821334678616033,0
4.872985487898205,9.053118248449353,-10.077194518745472,1
4.770615464722084,8.524629715292791,-10.821150819607102,1
3.1535912094591643,8.91649462793691,-7.463800216885356,1
3.9923418470926766,7.636910561512141,-9.394546173472976,1
5.051338171605389,5.8154056935028136,4.3402916020753,0
5.073743973121176,11.135375894476503,-12.125063700840009,1
3.3918219883294074,9.338560314781136,-8.750067787046564,1
4.398385783397606,9.24428025766776,-10.259788476711028,1
4.386642309284216,9.498964652246176,-10.070282970989826,1
3.5099210373722025,5.104074704026859,2.461000804820035,0
3.7311591069680135,6.560707711007911,3.430928510382677,0
3.2731502485254684,7.2595170326512655,3.0840309776077643,0
2.526748834565244,8.354017662053694,4.205982340793951,0
4.063591633169109,10.041008064507517,-10.790729526467201,1
4.045429338483614,8.772080022699692,-9.547841079355878,1
4.927646766114768,8.99008844645033,-10.506499632138272,1
5.441959725294814,7.87840286710764,-11.060196746816287,1
5.00616401720934,9.884366352439262,-9.622272670949652,1
5.26598967798941,6.601670799790011,3.602231642616725,0
4.2859623005668155,7.736634389982299,3.724886321796627,0
5.05861548651872,7.56128575102354,-11.941632094008877,1
2.7258746191376058,6.828763676512631,2.8721758786690614,0
2.1052816123670812,6.370423412386632,1.7309788510332904,0
3.750258192583153,5.765772723120185,4.107994748798412,0
4.598191489507225,8.199078672911734,-8.95235135757351,1
5.368571354555564,8.969253368721224,-10.497619088764582,1
3.826451747371113,7.197891247969631,4.408958621689411,0
3.7069035234545,5.814337869455825,4.872629695300149,0
3.788750349901257,8.968006755243303,-11.047435389095128,1
4.467252193447,8.236036187356481,-8.717689691005729,1
2.1317287300177705,6.149314255859659,3.113622124499965,0
4.30282721665742,7.621075033347117,1.722273434235626,0
4.741766511848301,6.955402400970569,4.338024550858866,0
4.659807374724503,9.991630203760199,-12.034537807173253,1
3.199101918750112,7.906592862370096,1.2393847642688383,0
3.349428081566284,6.647728696185334,3.1465502367005347,0
6.646441698581095,9.948412180094035,-8.329563312936111,1
2.8073522361636893,7.891805898157938,3.2311974944895376,0
2.736325028259749,6.5770163822695675,5.297743110704569,0
3.69039514174644,7.618166357950151,3.5036294520542874,0
3.450389908071476,6.471631147294912,2.8670811732722443,0
3.062256522951024,6.839005053441361,3.5784979952626035,0
5.474511538880784,9.817997996922971,-10.57395999222593,1
4.981832217196759,8.040573146390877,-7.996186590277366,1
4.536104600545536,8.81954193221884,-9.27084056467914,1
3.551938275340745,7.251436668770319,2.0138294534164447,0
5.284764792933659,6.93287450035814,4.394694064922265,0
7.402259219245553,6.757064078309553,2.593156459694365,0
3.4946041781683856,8.789041231975652,3.510608107114571,0
5.5188410304410445,6.445806758421051,-9.828987003460067,1
4.0922072437723225,9.179138822729902,-9.67806262563748,1
5.033870135667606,8.3392300750659,-8.535657159197138,1
4.085809442153656,5.855265513565618,2.389865174397296,0
4.1727443757489615,8.170789057961406,3.4085135290681383,0
2.6761929774392708,6.395087595032865,1.933109818371374,0
4.784150454791341,10.171619549991524,-8.768495013117793,1
2.1202693538985358,7.523669814206979,3.059939828110025,0
3.6234291656181323,5.8516465387116146,2.909377901464574,0
5.51868869935491,5.462863824792053,2.7484700549001277,0
3.413587966548116,6.699578885280379,3.8980190558156096,0
3.3522701398151638,6.682227155905981,2.8296708859235844,0
3.4438223240539667,8.663396397563726,3.3530420335945035,0
7.192683988838415,8.42377629758401,-10.599803521020704,1
3.3421398386334635,6.228845445230008,4.964509008770172,0
2.775469358547642,5.226214138112884,3.4309186503570506,0
5.675958422398443,5.798822933793441,3.437789708213027,0
3.302549420679846,9.343112849152396,-10.306312394407675,1
5.8716320016076375,6.013920520206999,2.7457693191739283,0
2.6107342850842414,5.454558116946719,4.271992986317417,0
5.437729280443232,8.979109801263373,-9.997193899738166,1
4.133015906709183,6.94284102501175,3.142091985823316,0
5.551995431167039,8.80795225954767,-8.736716327231285,1
3.2283840236259698,9.718134269075469,-10.241242503380683,1
3.7781995231000205,10.059118162002711,-9.873568518555016,1
4.987083075118839,8.717489035596952,-8.304379051743384,1
4.355798470657078,8.754995738968224,-9.158103154825545,1
3.8827983366250147,8.774393749069006,-11.38386667209496,1
4.736192873386203,11.112912494646134,-8.624003940357257,1
4.670397212926961,6.315613543945749,2.9712857295674695,0
3.300879611909308,8.030465302807464,2.526886688385256,0
5.8776317903495645,7.53712549462654,-10.256878422067867,1
2.245712617031834,6.048123452080882,3.1049307529090697,0
4.277933949419966,10.072193087044544,-10.015564425305843,1
3.921399247694375,5.199447856439545,0.8774433759886375,0
4.367491016376062,5.140140974859856,5.2903764501713075,0
3.4516902308485466,8.184267462375594,-9.044749934323502,1
3.1484112241720146,5.475961767203955,4.421473321280688,0
3.5053332732087585,7.147025366279538,3.5848852535206834,0
5.731839455019394,9.764128868256014,-9.054714316008962,1
3.23745120782095,6.968767760562803,2.8813739268034815,0
4.016259412262988,8.532574134809789,-10.91118234255942,1
3.694853884081763,7.765066207924507,4.254169169167966,0
3.9672531442403716,5.898940944679324,2.1780049602413367,0
2.211742131349654,6.577930408229807,4.2002084146990075,0
4.730335056723423,6.8590512041762,2.7170186928439795,0
4.951727596892655,5.190598612346247,4.18100089122636,0
3.6720481597175736,9.978601143961958,-9.202931331464846,1
2.8289907627044553,8.897267893645616,-9.549379307765895,1
3.7561211161744312,8.652831046883021,-10.147277850786487,1
4.159644520450291,8.336841141179452,-8.693632174999012,1
2.8125051411713056,9.993660296575705,-13.673528387327465,1
4.187139489266675,9.090116562615824,-10.56220522030562,1
3.721651447986227,8.862754397232315,-9.38509227719974,1
2.9872804649130242,7.575660441330228,3.4858140146581973,0
4.7202465867155485,6.713082811243284,4.330416740883672,0
3.7528536312676914,12.189001693593923,-11.051436537060942,1
4.045548064277133,4.508758890411678,2.8603741098382063,0
4.239129504486301,6.3260719619440335,3.595545104692065,0
4.836024173373622,8.231383103179214,-9.761742703853512,1
5.165735757813551,9.736026011305137,-9.804628185330275,1
4.095703017894111,7.30745462332855,3.716637303257274,0
3.9098660678880264,7.392414346721498,2.093839102201847,0
2.155688149624185,6.912226616405742,2.794014978806828,0
3.6038477341042814,5.547970145108336,4.438985550355307,0
4.794342128123545,9.897132210137967,-9.400312921566073,1
3.2903783860648073,7.547189546469941,3.537856444940592,0
3.459995784230454,8.430410113801022,-11.450662876689128,1
4.9190472806318075,6.216277687109571,4.979137866704431,0
3.860084064973103,8.306050945509412,-9.77463007783812,1
3.1404495846550704,6.1351728758799755,2.8636226891944996,0
4.961918753277851,8.468309105158227,-11.568189394076812,1
3.498056699994599,7.486177916381681,3.878359260198586,0
3.1292728343892584,9.458599499969877,-8.850136847134698,1
4.342159201332381,9.905200998050036,-8.885666089023001,1
7.35099685135058,9.131968253576652,2.511350789528292,0
3.6052610324298286,6.7556922601382,3.1666233787754403,0
5.785003701219399,8.920398555573888,-8.624217512263922,1
3.569883834176874,7.240894872339761,3.9097382851313944,0
4.701519624320969,9.573457978803509,-8.366717221824194,1
3.6525544780424175,8.006900798195918,3.9795998241249553,0
3.159990417638615,10.878421919403841,-8.708274782046729,1
4.928420945550347,8.074612652830972,4.502137745260974,0
2.9285712730674947,6.7099388809869325,4.2253762164810444,0
4.171977546646889,7.277949258959572,-7.643468041680468,1
5.177200476865604,6.365019384701427,3.139381535593132,0
3.517555972172412,6.405078082482395,3.0071057481782884,0
3.986886414787021,10.29513894923659,-10.928791644305145,1
4.194370804545336,7.088968316909529,4.010285363671873,0
3.6923143363889643,5.336551955090113,2.608806258526142,0
3.006418604856222,6.894642796267066,2.6425887616635713,0
3.8980438843888043,6.111330028857181,2.395069796642187,0
4.397818321071184,9.302680499417788,-10.353161073842063,1
4.397491195574622,7.940519049274598,4.058377865629545,0
2.6933751086725453,5.53659530858976,4.744597904770194,0
3.7095111393914904,6.231655484008118,2.7240196947668376,0
6.876121416170182,8.651154403999028,-8.294762262001173,1
5.306881072434391,8.498242977491245,-9.288011590413904,1
4.591585093146096,7.355267823304056,2.199615326535569,0
4.762584561099632,6.344347044115156,4.115548140391892,0
4.047960590388543,9.657569192162498,-11.352806103659898,1
4.329594989252802,7.703193954720993,-7.738478920731305,1
3.808151694300374,9.549792397369835,-9.835944305658677,1
4.108775170756784,8.36261098592134,-8.96524394769866,1
4.686182646406106,6.568451105467028,6.266830252948875,0
4.513818156337038,7.208556987603524,4.4911020170789495,0
5.272386081598624,5.798224281625526,2.7993751279875423,0
4.045555977651397,7.0095665504050775,2.9199657009444895,0
3.8892637368916003,7.4285335486556505,-8.610217059851868,1
4.49618534065148,6.553891880948294,3.8496329411630295,0
3.4473324836037413,9.86886644637397,-10.20715664485762,1
3.9295698743490743,6.3989218480696,3.717190631388255,0
4.63040772052303,8.86748064327233,-10.069534239052178,1
3.744267900517638,5.709098811618602,3.8911636914523853,0
4.432439471421008,10.144433759756524,-9.698052800025279,1
3.8314397886803246,8.310174988755847,4.2108791456648005,0
6.290440689137723,8.908017933958174,-8.72054948877847,1
5.104363213681487,9.007675310666848,-7.229397549611313,1
5.295159623757193,5.883224484244719,-10.229518728612899,1
3.9974844501913482,8.934383680388736,-11.636686826920508,1
3.7529580663583717,7.795098045786913,1.3960481797634405,0
3.808094255611166,7.706539946238383,-10.608865408167386,1
3.697299952093799,8.55530329805733,-11.165644631339052,1
4.5243363120930855,7.615577117913119,3.4175303214102777,0
5.700040357032545,10.051505063901356,-10.958552529447577,1
2.9279282230907704,8.453541083009164,3.4387414094256035,0
5.446816912376805,8.937443746046226,-10.819889048706594,1
4.533197248521674,5.822106213256048,3.1447687019374406,0
4.471087309200404,7.4375243586258915,2.5018328067294195,0
4.217090167437924,7.971845542143354,-8.252823904964478,1
4.6687893827262,7.126932327639117,5.570393529502798,0
3.0447635881459307,8.173041365170542,-8.865900775578933,1
4.507903113234175,7.519191687027027,-10.846086632481947,1
4.313309329035632,8.485598589314217,3.6303290799044734,0
6.059360523790107,9.887643766784523,-9.788922191002413,1
2.915572214952909,7.96048817401698,6.274430267378076,0
4.918267596953472,7.254444689479163,2.4608122635465532,0
5.04626004804272,6.952486057268225,4.529163049706195,0
4.531882852677332,8.108687790154264,-9.078614205692425,1
5.271066073830651,7.519703547680495,-11.57275478654141,1
4.107780801515947,6.7154170765803745,3.284014001402657,0
5.730331580979706,8.631722353655746,-10.294833543993231,1
2.5829537470536796,6.1906715076735335,4.128262360375318,0
4.1753532954442365,6.522790005111894,4.616524485897757,0
7.422324054425312,9.84558320990563,-11.02017804847943,1
4.611418750528954,9.092662234617823,-9.042915132608774,1
5.872210584376518,9.933504486291007,-8.962821816377025,1
3.9660209221135334,6.888279194266608,5.090544372046937,0
2.3681846038101897,6.765514424864505,3.6663740435613863,0
4.699696470713974,9.071370501454549,3.335701712341121,0
4.0082037551687355,6.506654918475793,2.4237986253801846,0
3.613260788498535,6.655567859794712,2.5668134376683494,0
4.038320766431569,6.617324503120225,5.362130637460751,0
4.617612430431696,5.952721008171097,4.508508966881937,0
5.129090128883707,6.064042609078666,3.757694327395342,0
5.3430088918446135,8.422548448495743,4.049456636594681,0
4.870899347464861,7.734738817861881,-9.465053733831502,1
5.340367651306827,9.332371378842955,-10.593950505729978,1
3.6850519994264195,6.672756518869899,4.7879386272234346,0
3.965793526575447,6.715087224258648,1.4581897085431659,0
7.033410775318659,7.471801947377187,-10.357154094722125,1
3.0217696987129057,7.862270195499614,1.7041396905605593,0
4.54023250821806,8.633098587980925,4.1803664551852915,0
5.018040032093263,8.067676917779677,-9.341002536991756,1
4.4503772507886294,7.657923965221053,3.5275953453652176,0
3.3976446951178056,9.896433892940273,-7.616562248027539,1
4.946283084311383,10.501608704749385,-11.158152506503432,1
4.269775571784224,10.212549761986818,-9.942970158442265,1
4.034323806657484,7.629124641681538,-9.074666042433554,1
5.315651895240044,7.058266597033967,-10.063156439362025,1
3.2767258067127707,8.545059051749194,-11.786112517489954,1
4.3407553779968335,9.74424384259689,-8.767063644469516,1
3.6560882142115805,5.867062798491043,4.143845550577878,0
6.283982843706539,8.701097733760772,3.4679458611233067,0
4.864570891600473,9.947339418557227,-10.087773911664744,1
3.7450928066433287,9.473053576458948,-10.270345432022395,1
4.982168336566226,6.522149825210644,5.441917194028553,0
4.795256501204864,7.084194072933568,2.543297888783912,0
2.7352438866810838,8.448217410852743,-11.28318978500259,1
3.9713400784173105,8.318976867162112,-8.844464693761536,1
6.2236464384522385,9.903639689627427,-7.622172720511218,1
3.0819048166080796,8.611640469883655,3.1675017202502054,0
3.2235254552971337,9.971506064220325,-9.76019379733982,1
6.215931771741922,9.198578522467784,-9.915009176938003,1
5.476230319258889,7.385502837805784,-10.532166297752072,1
2.961617564682176,6.184969726941747,4.495348133238701,0
3.705587153338823,7.869099092605905,3.606511200828668,0
2.8864159132823985,10.650180978079884,-9.624680426935829,1
6.140610692503602,10.007348368375498,-11.374435274461447,1
4.247463208210921,7.805972855074689,-9.95146624302085,1
3.1168670593566863,8.222742442992287,6.088539444284525,0
3.186990932368545,7.7808555601153,3.6663653305505717,0
2.4482923742505873,6.842436750050832,4.696400171643603,0
5.465633733834178,6.979735244379962,1.534301381892298,0
4.751979022052538,10.105766094797456,-8.716952839218251,1
4.680164436951367,9.57922107549528,-10.696133467031391,1
5.256581678559304,5.967374479435788,4.218911811291133,0
5.992278615909181,9.376816359381722,-11.005101878268693,1
4.19405154990623,9.506953171978608,-8.145243894731173,1
3.560787053893315,6.77306123792308,4.168929445888657,0
3.795070347308584,7.873804188409601,3.0631311231229694,0
3.3849487203750233,8.627220643479793,-10.008108428404126,1
4.065782468419656,8.10717826060038,-9.150665486920124,1
2.5639114225726756,7.022605527153369,4.178233254151811,0
5.500284691234612,10.424361330425226,-11.925045427212655,1
4.865554524611529,6.872026783264849,4.061583455717287,0
4.503927886813638,8.606796628842789,-9.234982745543372,1
5.570744898580366,9.989276391760727,-8.7883873655977,1
5.686406171934625,6.114839814381758,2.3601545273938562,0
3.4560929603879615,7.56054110087149,3.8288814856967504,0
2.473865046488353,6.535448816373534,2.7094877042212397,0
5.505956926683089,8.119524150091191,-10.063906420804221,1
4.3263642350916225,6.0636585488084425,2.8888184305465874,0
3.7211271729817734,7.258798382429894,1.3907090394650363,0
4.513905608472913,8.05658286099682,-10.427163359631509,1
3.6309758761468007,8.502210188713745,-10.106040110389003,1
4.021401266529564,10.131024773201819,-9.348214967965593,1
4.594179972728828,7.57172691064603,3.073284581298462,0
4.111589826984018,10.295417899435975,-12.51929923363862,1
5.610200056644927,6.260825059496402,1.5565003656911738,0
4.524874951554727,5.703184530478918,4.136271294348561,0
3.5960819451919956,9.718378709036287,-10.224960928985828,1
3.926459005482975,9.998408271632789,-9.251380334442436,1
3.814824764581239,7.746920392284917,3.566495520761193,0
2.7271651501877794,6.118272903103406,4.369407538102774,0
5.056221518851682,10.363446285186626,-8.703422611937345,1
5.9970903494788566,5.6656383437116435,3.5618613823489094,0
2.3328952214224046,6.901341182740282,-10.425706082723021,1
3.469894265072712,9.51758756774846,-10.981030347202099,1
2.543475231237362,7.733095216071502,-8.689070246819565,1
6.068129805753547,9.586651660275272,-8.926081556554545,1
4.494680555486715,8.923611370704736,-9.331416699650314,1
4.946194429356299,9.62689811631216,-8.194328267380989,1
5.158935418802742,7.562512337266727,2.9506393575553704,0
4.822520908159057,7.521978157402331,3.950497888206206,0
5.117799368301494,9.012313876028102,-9.835676281548448,1
5.242901145523428,9.85020874120986,-9.790110233396472,1
3.9236056796600693,7.767360574566581,1.5381931412976315,0
3.4500864185816815,7.571512753318862,3.6875226550793365,0
4.657015452576095,7.934611925752113,3.268514092633643,0
3.720345680552799,6.839387147323875,4.544451184453241,0
3.54005003219145,7.5204912442613985,-9.688633630010221,1
3.0247647571012433,6.533860242436861,2.05221868047633,0
5.390345169368663,8.3733350289322,-10.116356491781485,1
4.383684252038192,10.008612222318256,-8.979466413075992,1
4.804921087626259,6.864154097225821,-7.72225962172506,1
3.884883966702501,6.0346884118814454,3.330815436136187,0
3.410912533815742,9.559015925917304,-10.897078201845222,1
5.0268364664924725,9.153168191611046,-8.586063208025665,1
4.379331807213599,4.491802283767374,3.2677845506941408,0
4.632296009662341,11.148232089516048,-9.66775452678629,1
4.565090193444431,9.163431199560819,-9.734706048166988,1
5.3086307890423825,8.710481521059219,-8.451445715936345,1
5.383759455489981,7.25115965523566,-9.664058708502811,1
2.997183684925406,7.142950790620562,3.4178950104822516,0
5.225316461374269,9.091688047927729,-9.828760312393817,1
4.020290345342347,9.49835379387223,-8.827105336807117,1
3.9208250289414575,9.626158893055615,-9.482916403555466,1
4.976774409062726,9.279559357128603,-8.608175213634738,1
2.963648224520866,5.807140356183297,3.924057086761453,0
5.497287314219857,5.883014693970145,3.975383353555887,0
4.868536467905473,8.642173365657614,-10.079978528687526,1
3.853321819341536,6.034652931421237,4.391982736955759,0
5.2151365256481155,7.731419477846508,3.075870270798715,0
2.943816791777884,7.090017488893283,3.9277131468936517,0
3.0985806685091632,8.027802062226124,-8.29855661632801,1
3.270662056590538,6.589165871405392,2.3456395465287465,0
3.1121120596814196,9.850080709578487,-10.228699854859164,1
3.3901183072362193,6.8585390541546465,2.417077665226134,0
5.446626380941,8.542967258801758,-10.376382965150349,1
4.498955477919337,8.517901028976315,-9.22221649894963,1
5.388046924838902,10.199875528820499,-8.268532248349468,1
5.436851100091779,8.209435009844396,-9.138959975131128,1
2.8772619210265447,6.1385971302419975,3.1608851175336588,0
3.0114380251273394,7.525230968194769,2.0967795116317807,0
2.996138116998049,7.0359073647883585,1.359847801173112,0
5.866324684278245,7.1744985941964785,4.582633498148621,0
5.674083977562807,9.770167830183645,-9.385996977967363,1
4.484460204756715,7.758655460818571,4.164717668862641,0
4.513470891484279,6.378371137865584,2.2443392535996196,0
5.6151420849113425,8.469941222699104,-9.398158959324014,1
5.0847605117150145,10.30762093760713,-11.255434448537926,1
2.9616694303749473,9.125243800094884,-11.103261368786006,1
4.527787957772928,9.051076338740863,-9.703942831773535,1
3.5200620116377817,10.669920117219146,-10.485942638315949,1
2.893814825200385,6.225335710852717,3.903870587385588,0
3.600800576356865,5.049429998468684,2.8745213023112854,0
3.66340976880274,8.774933108815842,3.4403101745266067,0
3.704375952576918,6.069950954260701,4.469592698077066,0
3.072831134283089,8.201350554567835,1.3275616135034616,0
5.235781810368476,9.15913137354786,-11.928968867631925,1
3.7629289369963828,7.114102568432688,-10.770969173386808,1
4.039038900555841,8.843048207168023,-9.772399849257292,1
2.5197099122643087,11.166796705298543,-10.487924850719159,1
5.865530271888694,6.74941048627052,-10.002853430286136,1
3.992825981198109,6.847416116551844,3.664290123829839,0
4.710719543724408,10.595828839018377,-9.349909156824634,1
5.243187486512433,6.62542503304923,4.075913325518676,0
4.277330581043745,7.984988374265848,3.9386500291257605,0
4.135755953966072,8.798151852875986,-10.65254749233032,1
3.674749107558889,10.811141866660126,-9.100543633372135,1
5.522160387379032,8.151474858271248,-8.498745572174938,1
5.5944758258005445,7.106415575863045,-9.96881968892104,1
3.955155324185156,9.62466792686551,-8.472238036688147,1
5.182443189878857,10.124723373526576,-11.20189113352078,1
4.291500468852328,9.35999657854094,-9.17624548163056,1
5.411596890964024,5.955178845673794,3.804894923218651,0
3.0146688536336024,9.034971955731539,2.6652905290778404,0
6.341063180854768,9.646175057422337,-10.63006634853581,1
5.8365335125559366,8.574026658666707,-10.32746658585488,1
3.53644835713429,9.679464836206051,-9.788079362016031,1
4.007104566662326,6.891210560170133,3.2431016007314457,0
1.234339837845277,7.783691305708545,-8.503849659343198,1
4.41559992128275,6.557743600319681,2.5259733593168257,0
4.085964319911605,6.819741532869086,4.476210125987594,0
2.2395466108648105,6.491089099854389,3.4659776386780945,0
4.005621465127043,9.102953705526195,-9.775548149203875,1
3.039978932777455,8.610152290670905,-8.580723168352682,1
3.640025897088673,9.992536515663195,-9.95682249649617,1
4.803752101104377,9.545589540705176,-9.684288036645933,1
6.253534947217787,9.31176192580499,-10.636426505723636,1
4.20004722308492,8.208838038246297,5.052235001843243,0
4.468970943470085,8.74782968433051,-9.168431215873014,1
5.9440227041607265,9.313073331588374,-9.44434464165692,1
4.77931820919283,6.686158489695581,2.870088787523023,0
4.618120615656777,7.474084296467392,2.895340381511191,0
4.991312300721486,7.647040846281184,3.3685922702320044,0
6.321897715252172,8.221038647616021,-9.899687594675443,1
5.932095331532513,10.110905086912727,-11.913250399703655,1
5.638666150016004,10.318767253620113,-9.161829717346965,1
4.817572814093182,8.284183170404196,-10.417498305937455,1
4.452728949646149,7.93783392678337,-11.293573612138426,1
4.167151991811382,9.804734402058715,-7.761408519537591,1
2.8964745935283664,7.117306162042924,3.507687561436788,0
5.332249486552379,8.50229234189459,-11.162354989077729,1
4.298415578334604,8.355269587903612,-8.017431612544295,1
4.488467287680285,9.796327907086548,-9.861097489039285,1
5.009188540866293,8.94020450573972,-7.8981820922421875,1
7.437786066103093,8.997514131687602,-10.915613513035556,1
5.782791741292117,8.37267806436806,-9.586191992426686,1
3.613765840296692,5.699138548652485,3.985551615010937,0
5.415457972046826,7.991807768067661,-10.526447811596022,1
4.773498503502076,7.941444535329212,4.133249212251034,0
4.25625500907617,8.501484332407916,-9.13368500493041,1
5.025631963146678,6.25811492119421,4.712555780701248,0
3.4762290769183872,8.374640168266536,-10.48210761933511,1
3.632743666761538,8.482793226004945,-9.823617769517627,1
3.4237931413478244,6.2998091488855765,3.5231050925888945,0
4.933725640273343,7.96893832051137,3.496491367679454,0
3.330110059332241,7.985436818369014,2.3029127967049625,0
5.32634101563153,7.632993032053756,0.7032657706070555,0
3.717026230982538,9.293900595704654,-9.53586399357099,1
