0,1,2,3,y
-1.2035474817416467,1.5484911372859655,-2.0145833737097334,9.116971356005728,1
1.4749603534563225,5.351759483416442,2.3395471922400928,2.6403324405935678,0
-0.6376277690114565,4.091047047234421,1.1598009602392023,1.2845661577971987,0
-0.28441010040343406,1.7036649799737835,-2.1234105236600667,7.241939698294068,1
0.622838329789296,2.6873131387973572,1.7634301586850152,0.13617144812631354,0
9.262340872129677,-3.0619763866583107,4.524303456021084,1.6570290441123245,2
2.164299870898797,4.6207299393732395,2.976126345213697,1.216391312880958,0
2.076554416766869,5.601809299774612,4.751491573996457,0.8237389936575217,0
2.4703491517041014,4.098629063682589,2.368335223083779,0.043567920636212065,0
0.7536643975981746,3.3907081094065936,0.37404930593844443,0.008692301842486927,0
2.0447794778625044,3.8504015235970024,1.3674299104041956,-0.31641374315618376,0
-3.1462639961194476,2.406841797753013,0.4923736711491806,7.541974960752217,1
9.484578237630561,-2.5335638863455117,5.212572603414346,0.7416688413627033,2
0.6513351202259959,3.5924809677056015,1.6671133289506284,0.8377356572668462,0
-1.0796919257670738,2.3017611380096437,-0.7819657311959607,9.550291624317637,1
8.351287550711202,-0.5571132857805083,5.863256999366978,1.130862244453625,2
1.247440263183806,3.502290442054015,1.4080860895851173,1.3699108100257855,0
9.275608474511408,-3.833819986994235,4.928964966433797,0.8429389972974074,2
-1.020234987193517,2.295656789578067,-2.7710238652503363,8.39242413622048,1
-0.8180444378547651,3.340700836009784,-4.365112366345276,8.479912049052636,1
-1.8903417933379567,3.6969334814661146,-2.7579173808144493,7.558068623898484,1
-3.7058355334168147,2.2882318343929415,-1.9015404766740391,7.913974040815771,1
0.3873256838409087,1.2519261845354044,0.37839378755543174,7.624021724796037,1
-1.6209664635845091,3.315447476950589,-2.2711108155503643,6.684768011384947,1
-1.2396467007551126,2.915006158674122,-1.284853067662397,7.7512367191142,1
-0.47015098543683354,3.8514370518792984,2.3746993547644086,0.7598844456521662,0
-0.9160918147708463,4.125974183745377,2.306265637441202,1.9524215851182196,0
9.170818175807304,-2.9509743983117844,5.764161141495549,1.3756933373209315,2
-0.3835106469573186,4.262386515890422,1.297396661007712,0.8475795656531148,0
9.47303983144001,-1.3898217169740363,7.185924326401495,-0.1602592028938976,2
-1.1230079923859315,4.854594723735675,-2.7001613041778976,8.217662803426888,1
10.686340746885854,-0.8241892649259159,6.651897858021457,1.2245140089733466,2
9.397373497754414,-0.4940889356167013,5.843055687659603,-0.43911780656672406,2
8.2641311788067,-3.6967223504053175,5.632119547934219,-0.8312863864980744,2
8.59150968631267,-2.94223553797958,5.125650941510686,2.029426412032655,2
9.612109372203323,-1.5531660801165168,6.514210202673591,0.19206689494658724,2
-2.8916622433043377,2.896012352544043,-1.5194631146363142,6.5182852268358,1
1.9919353600885963,5.004828668613487,1.637790171547844,-0.19983299483230788,0
-2.8974759311825937,3.228446971753601,-1.755292406871594,5.824677747055716,1
-1.5426832303429006,2.4261521533195953,-0.2940661938473853,8.379604767999602,1
0.11504439349179252,6.213852280547424,1.7872641504814974,1.700120055734332,0
-1.6756701654555846,3.0138864663028926,-1.2933690784394851,7.914581739571129,1
-3.146588578594606,3.4905092785382084,0.6543624236236809,7.0597959077016235,1
10.140920428033699,-4.587419741294864,5.3908980220471925,-0.09212488554137321,2
0.4098302248142758,3.9960960500813885,2.3242915946091247,1.4225815235838195,0
10.95662249126038,-1.090443384649123,5.630885742773904,1.0061906557519003,2
9.20118218869849,-1.4470549687685836,6.697208195722918,-0.06963963062772993,2
-0.9842932297231091,3.6338211547701142,-4.242868634973769,8.716397576722565,1
-1.0332599256970414,3.4048975873135023,-2.087385177588364,8.825581399520788,1
10.343047601879553,-0.7357654549082553,7.042053345812729,1.115278588417121,2
-0.30402656616849555,0.8313722324779351,-1.8390129276561122,8.80743030950717,1
-2.5625097446064,3.059549426204653,-1.2593914020868173,9.179534390315021,1
0.3177171117414913,3.789553361508401,1.0372256461455132,0.8198089039970861,0
10.302664128251502,-2.229109832420378,8.382613459468482,0.14197427210600017,2
-1.2812875853201295,2.8848857810684567,-2.8102701165754165,8.841567082739141,1
8.611230939858729,-3.078085960547716,5.829659100318244,2.325566625555787,2
1.2561946775897332,4.205636937805432,2.96544642952547,1.214881875129239,0
8.24414224172127,-1.3580896193347805,7.831266763201078,1.6310982931401998,2
-0.8667994716101535,3.8258133234079033,1.5756117074249303,1.5180219582814494,0
0.42485699904590835,4.157822811160483,-0.309670638496382,6.816208866136464,1
1.0427873009296629,4.606259225188172,1.4209454277519145,0.5349224939507987,0
-0.20135888393613577,3.163591026513428,3.8102536751749367,0.7646752376283449,0
-0.18455032196395216,3.115735570900276,-0.6460922851700864,8.708733063942297,1
-2.531226725436519,1.9196905331012588,-2.6212983256970457,6.767718004622488,1
7.878575568427911,-1.9579949052318673,6.917173043744357,0.42830889339109374,2
-1.4817381572830743,4.777228595184751,-2.8745777125729806,7.7006375645472405,1
0.1629058193422922,2.837362999645876,2.5763323978856363,0.3218756901248707,0
1.3826855722227012,4.11061062589855,2.8110078103274203,0.3585310231849469,0
-1.096132878276264,2.7679906695999836,-2.254292632666542,7.0139101900384615,1
0.24722541975179935,4.500344728177175,2.410025214546096,1.5145502143312157,0
2.2436817333651518,4.8032855609170495,1.9932143956345438,2.1568307895487506,0
-2.2508327172805074,1.7982540276526684,-2.0450310810524512,9.383526817020332,1
7.367437335220659,-2.899255343771639,5.318744216367939,1.8418285974212834,2
-1.6554915635382659,3.3733022522699323,-1.025349955121877,5.678103642147133,1
8.420540977953204,-1.925517393679792,8.434367926032348,2.243347901492803,2
0.05715663367655133,4.496541176513606,1.6902123048866202,-0.8936638881032468,0
0.18714745654882647,2.1499336695963076,-0.48126532418659906,6.809452764015813,1
7.42091255332555,-3.044496613876522,4.072271864112413,1.408415764100686,2
9.457008705452276,-3.0974792754315263,5.394917211173798,-0.8586429642110898,2
-0.9435360064006066,3.844487029641728,0.5522069877140774,6.640356242178118,1
7.63945919236779,-1.4350024297351776,5.592847599022071,0.7365503251243317,2
-0.6260812490128755,1.4119709097617357,-1.9373042041641215,7.287372828169058,1
-1.9580003507326624,3.4906336281903387,-0.5706987411584331,9.14264386072285,1
-1.6454906367719977,3.40625285176278,-0.28231965628644906,9.258064764610628,1
-0.9410532074039698,4.054270338872862,-0.5766392027102405,6.8612925805986045,1
-2.6207990699563104,3.123679065067203,-2.554777297668751,6.862084048084846,1
-2.0071460549601285,2.3946313179482277,-0.22703103157898719,8.544155288752021,1
0.12454088129290508,6.12651092757635,1.533687843439505,-0.28702293047361516,0
1.3526956097021245,3.2043865368641953,2.3535056956389337,2.2240495566249674,0
-1.109103430015824,1.6776659249253525,-0.3482015319820779,9.637702245432141,1
-1.5273213396345255,3.2920373473039253,-0.8387039965084588,7.0358665159711045,1
2.3615316252687255,4.000689074024317,2.4963004287060295,1.0764565256711167,0
-1.1163022219018577,3.3988521113677463,-1.8836862133654173,8.688289783915963,1
-0.6003457122548089,3.4759641419517884,-2.365205328492874,7.8001632760386785,1
10.024280514210357,-3.2302825619109843,6.672048675799618,2.5387792075719995,2
-2.0486005381697208,3.695489542675363,-0.8401811253999816,6.205457364617885,1
-1.827998799745319,3.4548701757894844,-1.6620597637958152,6.738535043908481,1
10.093208318082372,-1.2697346637218063,5.399466732193599,1.2355804914448743,2
9.170492525002793,-2.513483878907402,3.83523316965796,0.3995272907777526,2
-1.0281770549099734,2.179950481091893,-2.45199096694593,8.252503518609197,1
-0.38235047793734744,2.8991152057932297,0.035199261520375114,8.433406507033775,1
-2.545183338788757,2.263312126335539,-1.0410383813351969,8.419029942550898,1
9.85018980707381,-1.5128158926572841,3.480860361962878,-0.4272460358985828,2
1.7066218689235144,5.408365801019866,1.040441613698437,0.2953318063550747,0
8.295034593820915,-3.85416975966374,5.996863799035326,0.5676070787243703,2
-1.4247256862779347,3.422876983113134,0.08070497280707323,8.053363402763264,1
8.548770135221043,-3.1340870349234122,5.811831821308944,-0.9464967546907732,2
-1.9865304554913443,2.9214654672877063,-0.9218806850191595,9.318588643615408,1
1.7373078036934886,4.425462343941218,2.4991307541783034,1.2313379873122037,0
8.858253538910963,-3.184298248346087,4.40436555422936,1.9107037304155765,2
0.9615376011092227,4.613851794347292,-1.1064491355926958,9.668895377457272,1
8.532199676616457,-2.2711605565273216,6.974989185840382,0.7507230704984419,2
-0.8390226220471508,2.9677395279329453,0.09978000567856848,8.743158813629492,1
8.53002767000327,-2.726391689334505,5.008721398402021,0.6675182528973403,2
-1.500657395360318,2.803547101460746,-0.5047022592378133,8.045819382271407,1
-1.1365390697132831,4.506412952430655,-1.7591819559784132,8.610188334708756,1
1.619584543609423,2.7331639188149373,1.8483638452689062,1.7778425720187192,0
0.4471959350199941,3.395690823949592,-1.3083936602498354,6.969291216634122,1
8.272494719771837,-3.9269472349257595,5.704277595186565,0.3884804662462981,2
8.592448105219816,-1.2464220468467406,7.169817038451882,0.1646235897220501,2
10.78005593897003,-2.724246019277889,6.1282750724190445,-0.29863345638169725,2
-0.3396373319650261,3.8422027226336812,1.9870259161082466,2.6110063815873037,0
-0.19685332656766485,6.247408513097683,1.6416485406731307,0.15020884849717908,0
1.153696220800248,3.902006391240128,0.42506917446683334,1.360445915463711,0
0.004028337806919247,3.0103299968029313,-1.3472640860302276,6.7848061790541045,1
-0.9077490916164165,1.0435687645920546,-2.1481422514896344,8.317540624313795,1
9.843099527820677,-1.5896185725247562,5.886779712787593,0.21815381858192912,2
-2.532215885570764,3.0192894080013337,0.9229091745720157,8.4975343046413,1
8.379709811720884,-3.4496954960716764,6.10661140491558,0.1141939479241158,2
0.9176835274126343,3.9862442335181907,0.4228442193648947,0.8305295053234151,0
-3.324359817588803,1.854449323178516,-1.9278488172902943,7.271142105959105,1
-3.1797076554747488,3.983809080050012,-1.184359583095972,6.228139856407536,1
-1.4003352116911305,3.71088933203055,-0.6102317412506953,8.175484613901247,1
-1.082122650814655,3.9402745837751922,-1.7464673933322599,7.404045674536909,1
1.8976784763570764,4.764601804597221,2.9790640817468246,0.7650956452842188,0
0.4334086025297773,4.719837373709815,0.8990850896109652,1.6788617616479302,0
-1.5001656305472684,3.101332514914699,-1.7189982729288775,8.108256405171858,1
0.46546494097762203,3.123155143325978,2.027085293094223,1.3259955304683544,0
-0.4498665402743689,2.6930557000629713,-1.8244975909730534,8.410068932934166,1
-1.387903738594685,4.324121509153633,0.7073420988037575,0.13609027168137788,0
8.306324121563852,-4.062900969952372,5.784393302862999,1.0095322478693118,2
1.402192228541956,3.1407405844366094,-0.2722182493772245,6.278526083132333,1
3.280186776230437,3.2437715047268427,1.9193178207545571,2.034555022540632,0
-2.0495234296203835,3.960859855979499,-0.8341644209525552,7.328225553746671,1
0.8461631243527911,4.397740556833959,2.998313608755396,-1.8420135072516195,0
-1.7149937512715556,1.88213453513791,-0.07042627004049029,5.530293160598074,1
1.189750127456664,3.0952136737151688,1.8132476915626585,2.4159248302936422,0
11.052814294227968,-2.3617420678544034,7.411588974123388,-0.23490370578080155,2
10.095331566817725,-2.5443848603562667,4.588842628787695,-0.5932919403760517,2
8.964086695639107,-2.699585064872041,5.465737225447741,-0.052327352572516084,2
0.9305661178862602,4.5242949832055634,1.0253322381239014,0.547720295348832,0
10.295465564606411,-2.7485990798264335,5.380947660744517,-0.41372996331993195,2
9.270290458582263,-4.108213229860964,5.963993597594679,-1.5053361068548594,2
1.616401604644087,2.686831283137556,2.0309413970339425,0.15963275073224814,0
10.877581529436227,-2.1231000938544815,5.405276862081093,-1.684345240185717,2
0.468752476889138,3.251907224896716,4.5524679130198855,-1.3476579884334652,0
-0.5901087969679165,3.6882131406603347,-1.1074451228679143,8.308948277308057,1
1.2036628536676235,3.2870486788386213,1.9404921966620798,1.20641490177455,0
0.7349322870933905,3.4255969846383167,2.754648005020695,-0.16355862750797234,0
0.3198064035749636,1.4692328221736877,4.172058542916553,-0.7132147435119969,0
1.0508564850900486,3.226688258044395,1.6306042190000123,0.06769906239997492,0
-0.9694330046174637,3.391003833313098,2.2747770772259233,1.2907265939180284,0
1.2934307048391838,4.823827942019258,2.2808761759039817,1.3473757601699294,0
1.411078036277653,4.843881787973196,2.787691531187754,0.5224412591772641,0
-1.5871915468610245,3.195963309301067,-1.8912083280990406,7.985575242647723,1
7.809910149187086,-2.7609751335250965,5.8974601169171965,-0.29374681771272093,2
-1.8058856185249357,3.4477160448080806,-1.9876510772563456,7.459500049670335,1
-0.883272737768567,3.606778927941055,-0.9736085711337057,7.231839579622504,1
-2.4109187429699914,4.152026297113184,0.20159175061506862,6.95401294917313,1
-1.093785283772972,2.7076934475363603,0.07253861138176432,6.543458764594467,1
8.13493125180557,-2.202007449244069,5.8985249595601195,1.2829794965525578,2
-2.147986710923283,4.652454436256832,-2.346545206070897,8.408073368682384,1
1.0754749410779976,5.880086300076107,2.5575957615076574,0.03539666018470011,0
0.17684767900339848,4.5445748371903285,2.34438802671169,1.3105344803841115,0
-2.6225752421944177,1.8249856550070926,-1.5792663781478962,8.285748846288937,1
10.390245769435936,-2.604725401392275,5.743468093795486,-1.2510782402378566,2
-0.24916544028367293,5.148150303849937,1.0550521740433132,-0.6471074368396748,0
8.306128138977375,-3.3417158322630707,6.241158008610931,1.0613701211438218,2
0.020325078053718082,3.9578055517490034,1.5916715467867837,1.3791451337113991,0
8.756767768072136,-2.41449590873112,5.965555210870753,-0.30119761720817195,2
-0.40962054753371513,1.3539776264933565,-1.2296284040847947,8.889784990545671,1
1.8452335654432903,4.580659233294518,1.0841629509883934,1.2124808644537606,0
1.0132758004566447,5.071689735181094,2.645147342167397,0.5338048499671469,0
10.005740507027975,-0.42411378106667197,4.511689060870274,0.6011099993833616,2
-2.413808339505781,3.796186019065653,-1.1618032507385567,8.083166394108419,1
2.1215322515657196,4.650281769455151,2.8294281312516945,0.12320469116711097,0
1.1845450566233553,5.2804263639321025,2.4116339186072797,1.6042368281298849,0
-1.5769866546864408,2.074266654797196,-0.5982138016953805,7.471290206725838,1
9.9990105542118,0.33155709023363267,5.742689731518839,1.2291084030076174,2
-1.8590062905707305,2.196450965761367,-1.6970227878516493,6.0912722590876385,1
8.430760712929137,-2.505783276634262,5.615256609796419,0.13143360372512586,2
1.7407675315800286,4.035414592239009,1.8855092275303924,0.7635308771695167,0
-1.6575244092170247,4.318571295776124,-1.8999119838039311,8.340275471982096,1
0.2817022188151296,4.15415278712072,1.6201139697112406,2.7469273884172787,0
10.138780400691848,-1.0571250855373608,5.036798001712874,1.0472706203968387,2
8.436484167367599,-0.7184410287323586,7.34868289266109,0.8089170772753649,2
-0.7119599492249371,4.191321344888837,1.5227776022238102,1.5427189333978137,0
9.942647681413128,-1.5925625944916248,7.138714653502795,0.6827100031303703,2
9.227640927245726,-1.959214071919467,5.390540752613799,0.9961017437112054,2
7.587527159553035,-2.2136946354964757,5.799548739265558,-1.4684947411900215,2
-1.5136642455543718,2.7959373337328457,-0.9091965188037199,7.245827973690564,1
-0.18108518064435852,3.9914950763226966,1.897600505269062,3.154387157236146,0
-1.231828229920043,1.8191138046658233,-2.6485119828740924,8.010140108539764,1
10.326694958651034,-2.8945772866026154,6.849238456483069,2.0182020360757114,2
1.3421188664633532,5.601612594421976,2.5363826478217133,3.657018773959519,0
9.477876103440236,-3.017271444645801,4.242290133337694,0.6120881624738141,2
9.835268315934767,-3.3390794267683432,5.158609067652275,0.16468136670628064,2
-0.20288785209119276,5.605215399113151,2.9505277943228077,2.272627726330927,0
9.379907504523619,-0.8121663435483,6.61824525532802,2.4792384469062014,2
-0.015264663337587026,4.6243505085941115,-0.5464724026291212,7.908745447649239,1
8.85846754766346,-0.574690980454224,6.482541196208637,0.19586027389211663,2
2.859420775602749,2.9560282663059434,0.7847825229471443,1.8670603680959479,0
8.64731209505213,-1.8588417372987083,6.800806540624094,0.7881298341601829,2
8.832892996806738,-1.6510238574626126,6.899725470631433,0.9350520563658204,2
1.167720950570407,5.184298526625501,1.6011871589172728,0.9836156333723215,0
0.38486741073838426,5.428206511958758,2.8106632170962165,1.7650710712928548,0
1.6015015295736825,2.701729671841642,0.9508841820044274,0.9498287391989112,0
9.185927022962971,-2.8851343642750233,2.8280020466459654,0.5307325274048471,2
8.539438483994408,-2.863607282483395,5.556560794385012,1.941640987885431,2
-0.5927242647221805,1.5263769919289032,-0.37924943192738914,8.019641280345141,1
9.429398334559394,-2.887959367847779,5.67899646016156,1.229200453855471,2
9.107795945784897,-1.1379284875162334,6.883381278071284,1.1465092277689757,2
-1.333690459988209,4.215224350426014,-0.24692475739942066,8.432672520045019,1
-2.510022196967613,2.019560289901107,-0.4462040360056343,5.988928033976921,1
-1.4963574321812885,2.8809987304880558,0.021508975568153677,7.12560583349549,1
1.0093598296852553,3.4496260666340355,1.3353269892909831,0.004089257623745568,0
-0.4868177681682022,3.0825260708595206,-0.36306823353722295,9.30922483078,1
7.457366365502763,-1.5800700256899085,6.134785085274093,2.688506928646108,2
8.361486725214062,-1.2092622746366792,7.227338194410149,-0.7991201757330484,2
7.323683422390824,-3.291275189428732,5.051001497666816,0.6854174267235187,2
8.371183238607502,-2.010170157299554,4.442484845095256,1.170104076702128,2
2.4645222723420948,6.199676503478973,3.2340470925925286,0.717738824125586,0
0.6262157793486773,3.3861871690227145,-1.135517833510413,8.492727705946372,1
-1.7318645649522013,2.743875423825089,0.6088464950097094,8.250134282250816,1
7.640560443869694,-1.5974461356294398,5.730451950984312,1.45912334151202,2
9.483062140921497,-2.9888276273092202,5.862909206292881,0.17983691409242447,2
10.638194209621414,-3.2021085141090637,6.828402997501127,1.2341690560149776,2
9.172953507408755,-3.0345697156772564,6.137061763941712,1.6702372710888866,2
-0.8479865773913349,4.607391231910391,2.8279623585352596,-0.7639346311766269,0
0.9243257058531706,2.706676277701603,-1.36866241341056,6.356144035678341,1
-3.2230352800534483,3.648065792462737,-3.1057390463406884,8.218058152365057,1
-2.178760513152496,1.1431374461444728,-1.721616700248629,7.631889344168117,1
8.582823780659625,-0.9022771991264695,6.840602467678541,0.6026910543091307,2
-1.7662006043642495,2.671088703544371,-2.3275989407711455,7.721234464191414,1
9.69815788237046,-4.212653422015787,6.032827821008634,1.767876444853916,2
0.9146320263742803,2.871051837514282,2.1427989923545487,1.836410535620247,0
0.7537930683035747,3.4448674196407185,2.1062217984441673,-0.8965656115517842,0
-1.2857000490029529,4.045665891460925,-0.3671246776465179,8.86844921016154,1
-0.6955529552371371,3.405854943996127,-2.167906464808812,10.478395736656335,1
9.402809730566805,-3.7371367046270736,7.013920742855937,1.4145343822158383,2
-1.394992257434493,0.9373166702641831,-0.4794851303466753,7.414132428316914,1
8.964452300675337,-2.1324966533347807,5.66020862758689,-0.5778940839051141,2
10.866528825970613,-1.7624472243639735,5.720013716064091,0.8295286438779792,2
8.00002203418947,-0.799401201949405,5.798728536916132,1.3687598972168409,2
-1.5905655020114549,1.337951731661999,-4.080267644655137,6.752033355377314,1
8.465701168470721,-3.07332178513483,4.894344169780885,0.18137465604177094,2
10.102885050320001,-1.9177846026172922,5.250621946814015,-0.7530028864776015,2
-1.9391757678264483,2.514423077912322,-3.0782843251739607,7.139624896292046,1
0.5087769048886416,3.4412940277236563,2.6777866617378754,0.26647171819107973,0
-1.581792197976294,3.440439863331935,-2.5145984517091042,7.773965251356708,1
8.365789228600288,-2.5235738312803524,4.621985017164382,0.49729987890796323,2
7.897953260075111,-1.708159427523706,5.669906029672879,0.9925119131493536,2
10.985980140916281,-3.0184666460351766,6.542372920346427,0.5559871589125631,2
1.1369312683662678,3.3511423746330022,3.663789677381602,0.336084910334716,0
-1.2011043995812798,3.042651782376335,-2.2609288985147415,6.808163138566131,1
2.157648679834781,3.6718835694432226,2.2191960938854645,0.9939850158591337,0
-2.4620312226594496,3.2997062709525067,-0.8499596885486578,6.579685133900092,1
9.82830315243102,-1.6752452121119434,5.577850626172811,0.5394217368191354,2
8.895077163127597,-1.4782805262155683,3.686382283422394,-0.4552663802332786,2
0.17064357100712724,3.185475403126758,1.9242135098914657,2.0307435394976587,0
1.8331006904491862,3.652761734148243,1.0210246796484133,1.5792581782195638,0
2.8258613252261315,4.089620671248306,1.556250883438695,0.9190148837814854,0
1.2158528384028864,3.9339861611445865,3.0278033105754147,3.0315319071424742,0
8.182222232643873,-2.4580254964470587,9.636160976620406,2.8930690290640335,2
8.783772791265555,-1.5676281569985249,4.725428029858914,0.7705145050927014,2
7.176697728804939,-0.7094416452348502,4.971292542582219,-0.7046050192369533,2
-0.10492845392944061,3.3742456248139083,-1.7769264336816388,7.727456178860637,1
-1.748478411425906,3.342134879433993,-2.0973286474398107,9.464960058873922,1
2.3874421424361065,5.089591154279563,1.9977980029674833,0.5064466077639206,0
11.131811398611688,-3.3405106108648894,5.364954403132381,0.5282877363780909,2
11.284498396178249,-2.566672937818298,6.526285290165676,1.1422866041628152,2
9.076697965599593,-2.9061574608519134,6.584983298906332,-0.18650363393272384,2
-0.6096824711060493,2.8608393936709344,-0.37152900105569786,6.008548637337077,1
-2.1307435660180563,1.7683281980760046,-0.1499522340136379,7.6976208370455,1
10.255582193820885,-1.2937248267535353,5.993692528322104,-0.41019829291052246,2
-0.15055573021024848,3.5731095745835653,1.6703877122516024,0.9920152492550108,0
-0.13637004614796733,1.2765336525100937,-1.403291582864476,7.901520277428086,1
-2.2577775991732913,1.2761790325233386,-0.9725892254053758,7.127074963303487,1
11.45485383895936,-1.8916194174531378,5.503317411479462,0.006179361579648934,2
-3.3650807528919175,3.570919544739551,-1.4367048568762184,6.659625027703365,1
1.4816570171238377,4.663036483961847,0.4727730434511195,3.141265554520577,0
-2.7397718294309303,3.201651815716468,-1.5304516514365853,6.677256830457566,1
1.7889441206555374,4.891046706848216,1.549909204168468,0.08187211794396554,0
2.6455208849234637,4.6057765378059425,2.663423949033519,2.0126259828853392,0
-0.903450403797523,3.8085539427645174,-0.7353389279183739,5.2942212079533695,1
8.582235396845219,-4.5366749785042675,6.282370425764545,-0.1778523653821784,2
8.091151810712264,-3.0473476807466864,4.192946806801279,-0.31212715671515023,2
10.212086936414362,-5.04744993270202,6.2856415515104915,1.178065273310381,2
7.950522090498791,-2.779452422643241,5.452765674412726,0.42510393165600213,2
8.173723617051103,-2.2441682377567846,5.881805261694349,0.8175223091475856,2
-1.630116764683613,1.8664918626730582,-1.001606819493704,8.443452525047991,1
-0.3785534325307791,2.00703188369447,0.15458896535409306,8.171304737046906,1
1.9057751900260231,4.8860119188463145,-0.03933554977326681,1.0213855741714435,0
9.416719138091967,-1.4442070573259804,5.965024787518232,-1.086674855909555,2
-2.3665364603950967,1.5496371659947321,0.3130238242096568,6.895189779684389,1
-2.7794973547252244,2.3315622361219903,-1.7058963690356763,8.207271097139088,1
0.21977654966574678,4.6053013848451565,3.0943639618112706,1.3767588840361653,0
1.0068719028850128,4.2341457490014545,2.1068424642027668,1.7649402887463648,0
1.9171876931216083,4.708991407771278,2.5533199261157344,0.8714714225936864,0
1.923522046320243,4.1487772343575555,2.6693468917789582,1.8198703315044638,0
1.6747272276538312,4.30755821653466,2.9871158955471815,1.2376286437391988,0
-0.9600097273000119,4.492565924242219,2.5791585452670835,0.9860857469825982,0
8.437149605649157,-2.000077201996047,5.564619628083328,1.8450293356781602,2
-1.936758551661725,2.464544829194606,-0.35554762187245004,7.361855958677936,1
8.929837345937994,-3.1783798014429747,4.620977158898811,-0.624989929457914,2
8.877132012269136,-0.07688592467948308,6.5071374802213855,0.8377308900615648,2
8.919888321305242,-1.5882186468761121,6.678489675011187,0.9208749329250248,2
10.428281644604084,-1.6607779346366147,4.780054937762131,-0.2877352465279377,2
-2.7866913566271756,2.9465027655209055,0.094366235764203,7.095524162676335,1
-2.342179674358364,4.719096252141657,-1.0330153071065387,6.829094493963044,1
-0.7134517681077983,3.3911728562479224,-0.49439009118384947,6.947271804556081,1
1.137829345784663,5.867192072477319,1.2647444995998007,-0.009636461587390177,0
-1.9561133098683827,4.29310768178002,-1.802387021830636,9.334951505780356,1
0.6070882406040514,4.064408149872464,3.154927117319991,1.5529273906605345,0
0.019122605395478276,2.955363008326689,1.6537099769335344,0.4291876152582137,0
0.808055855779421,4.681697429186865,3.379626271428717,0.7254628672410542,0
-1.7351891163169018,4.492253498808695,-1.0492662803409625,9.824191934236985,1
-2.3011990937087097,2.6484924828818825,-0.4228835426586355,7.53713684664576,1
1.6527308109081182,3.9217783718705697,1.8310085871812376,0.5954139294828669,0
-2.9020884925391464,3.4188744935130693,-1.7285048097410756,8.771567565751292,1
-0.4327370217779616,1.8236413082980314,-1.3958931892609878,8.967271972470046,1
-0.6535921771514932,4.117618437748161,-0.7921027389190949,7.477880983672996,1
8.697319602499052,-0.7700710665886956,4.702961519633143,0.28166674065988145,2
-2.4497273282187333,1.4665437631420977,-1.226398416526279,7.877999089671385,1
9.338560815358935,-3.104682426245157,6.22944895061554,0.0740085072699399,2
1.5402786136203042,3.0192350294558628,1.9509240299381854,-0.09033828255579757,0
8.672298230638129,-1.624698009782072,6.038819352269408,-1.3428072038718413,2
-2.729379321426338,3.333981895748946,-1.449163307947077,7.9579913332948955,1
-1.53696048509092,4.155889197291563,-2.2888550048312952,7.519856892255736,1
1.2043234036705623,4.505267274152823,2.596041106733268,-0.9204139704456327,0
-0.5139953093608032,5.799926964400022,1.0828646320803803,2.243884733160237,0
0.4587510360360918,3.32495746808962,1.61607799963073,1.0790020891557581,0
8.22843889064073,-1.5412646816989524,6.936783326241316,-0.11917467730209441,2
6.679866645278876,-2.2339187465066592,6.248414431763525,0.3786183401434967,2
-0.21258917923753384,3.7969709731497026,1.4589534829823698,0.8450963636683906,0
0.5750353686353127,3.5037048513637887,1.0121380233975223,0.040585471266772144,0
1.200522299512177,2.6250989646197334,2.2702331120589716,0.9948828919408549,0
9.470025300107942,-1.3615458942603988,4.115850885041197,-0.47905837288712627,2
0.528104715865787,3.654449399718002,2.0318444164114258,1.976858388050426,0
-4.246583377544519,1.8212805142404036,-1.2317642877652857,6.6136836809468225,1
0.07990035599431489,2.341055318307638,3.640088048781896,1.545631450947825,0
9.336745690407355,-2.5525601218315095,5.671101841646802,0.4215949267194461,2
-3.075158336070948,3.449856900340314,0.01231307029599904,7.735066512240228,1
8.254369610664677,-1.6337599202726754,5.13098544603307,-0.03712245364240563,2
3.359414853410437,5.248266814438804,1.1424452959887192,2.01467994803379,0
-2.5175749438490547,1.9152136739633319,-2.2251511614814756,7.245880093096378,1
-0.823318458578517,3.847027409101814,-0.877083222097111,6.845637466094475,1
8.030648271568296,-2.358868082318048,6.009568220490735,-1.5405522395822073,2
-0.3302567731888215,5.961918007066578,1.9371034763043082,0.21748545594108648,0
-1.3610404905683682,4.247023544078676,-1.2966003985259698,7.227358758689904,1
-0.9262988114888293,2.904631993399096,-1.0738827260446246,5.641776663946934,1
7.652981107598024,-1.2249781506334,4.836016116722879,-0.10832111886294682,2
0.22080735218086167,3.1025858084310007,2.5785292601209546,0.36008029137987496,0
9.76194580122882,-2.439131566618094,4.412597126374379,-0.3581111034861778,2
0.17286041437265398,3.6142375496981893,1.5997350179155347,0.9151428189629935,0
9.635215920721635,-2.623881719426588,6.456322289164184,-0.22534108112673634,2
8.802675496907105,-2.1441990152711616,4.778969473011109,1.1735103483526372,2
1.0739950462613506,4.8867410072016835,1.6558184921700028,1.2677195477854557,0
-1.4216718761626295,2.8262228532327396,-1.2169882277185808,7.743347900949638,1
-0.4296928377214042,3.71372968157885,1.9447781163669502,-0.7630361519313265,0
-0.03056167375248875,5.985364043715718,1.2629808596267331,0.36605775192648193,0
1.1861195564695504,3.0631627278921627,2.277730685441485,0.8092881367387819,0
0.2700145093530226,2.7135433244300757,-1.6961706131616905,7.636744953970796,1
7.724784159292126,-1.0197424971344944,5.816071711459925,0.2546097588025884,2
-2.4015665352107507,2.2334807051926964,-1.9595415303565886,8.963416640574975,1
-3.182248051531583,3.071526722148789,-2.832729337897086,8.67991432224618,1
-2.1866152604315756,3.3918901286101524,-0.5210809047257138,7.796554708977787,1
-1.280137989241935,4.443839822217932,-2.0210276577243524,8.717516615004605,1
10.359052434726518,-3.712269709567403,4.914093129534023,0.41761217462946076,2
0.23670708215518177,5.846801922855126,0.7624106117094294,1.1647145292871197,0
0.28122779735707004,3.354520735962416,-1.0555267782464235,8.531898689033033,1
0.9605879669439403,4.464715495746613,1.8646140278514787,0.5028141459044866,0
8.98512375729386,-1.6193843553874014,4.896553166391803,0.8516278445828127,2
7.534923341845936,-1.6240348791635184,5.864886893118174,1.3429003724425965,2
5.533154572068808,-1.357592828296288,7.009656153573167,-0.5468043197056445,2
0.9016021002953455,4.562503767678136,2.3308681954169344,2.3327130467270916,0
-1.4887766291269708,3.4305997848055214,-1.1796565472654896,7.563183914496514,1
10.002036731282185,-1.4456685138649679,3.8974793542040524,0.42841438290941825,2
0.7778711817264493,4.397979627758536,0.9076565765897426,0.5395495844580801,0
0.9269460083989225,4.542820928695155,1.0549371724791725,2.571649366948647,0
9.283513026979998,-0.5297204148642904,6.781725032947019,0.5486039914831691,2
0.5249670414439689,4.5694753024146255,2.778368015170676,0.9222757851858484,0
9.423953353807805,-1.6356513119881424,5.8404395760397945,-0.4710019764046258,2
2.3776149098384547,3.8934055337905193,2.5842111398494603,1.143811448622781,0
-3.0849025414053015,2.410847491567785,-0.40326017174531303,7.159866188011531,1
9.368667085847454,0.006240037993830327,5.441680158107084,0.2416245359725102,2
1.4835090296561102,4.187557627061241,1.1077789265259983,1.1421071158995695,0
1.4424365045805259,3.933544886744047,1.601463480380877,1.3009282001011837,0
0.0372885058687098,5.320808318861634,3.478251017948984,1.293750244894497,0
-1.5741817289181526,3.582026310691773,-2.0329431861755953,7.499879372058428,1
8.217295850951631,-1.7502370346306106,6.726016081642537,1.362453729379085,2
-3.5464440986086267,1.9336732590602745,-1.4360506967209572,8.322397320581526,1
-3.8406771263941057,2.0753105596201147,-2.7911772219004405,7.4336962735150935,1
0.5062371958456202,4.087055856872851,1.1251110189085567,0.7190745678506076,0
-0.7089264059670997,2.638967986229883,0.18331198270314064,9.297674186422014,1
2.624405010754055,4.468015082935724,2.6225577992855476,0.6749885594227824,0
0.19364092271896993,4.193398028421503,1.000639057447864,1.7179114972626182,0
9.844205049866707,-1.258868976196354,5.330791324285055,-0.009117893447059822,2
8.263854629769154,-3.368036784608792,6.247099176728792,1.1042904752092015,2
2.0935753940831594,3.784887123023538,1.3015630552522772,1.0353534858412843,0
-3.0598250666520332,1.2059120972389015,-1.2021207157904654,6.877085535415032,1
-2.4949861308864834,3.394950353689988,-1.6042072677929566,10.375691636400767,1
10.067135572328967,-3.03038490257142,5.878496273097281,0.26043617789801676,2
9.094172804826783,-3.8826107617207564,7.4449597399515355,1.142109035452906,2
8.489033827486203,-1.599876002644077,5.491265707198188,0.64867247095874,2
-0.48546260971491306,3.620347560659708,2.422812417455147,1.0879752175318766,0
0.0884843309163823,2.322990859224463,1.7073553721067254,1.054012629041917,0
-2.548817337648834,1.7674444915146132,-2.084367154246919,8.47767095897102,1
2.0067083459620996,2.2564637143904283,0.8286458620362624,1.865109809988172,0
0.700599543985938,3.5940593616015017,3.794140198887389,1.8920580512534357,0
2.8813337191065127,4.289010107788545,1.7547887358474556,0.5426349288825627,0
8.07001175464461,-1.1531383883410735,5.943148965348145,0.6220274938543642,2
1.532232758256293,5.19626121477992,1.6329526973076072,1.002377689371221,0
8.062399572076997,-2.7249033351788348,5.919753336223678,0.6773203817666306,2
-2.388119566620547,2.4082871283867653,-0.14967412651500367,7.708392852803077,1
1.762598040655471,3.837368230712447,1.1108212655146277,0.48761396673538837,0
10.451444574502183,-3.551286780415998,4.892955086337577,0.8326139317518721,2
9.29746952016131,-2.7659602702343467,5.899286500947206,1.5227583970511551,2
10.499919183808068,-1.6648150812342566,6.660626470084485,0.520141836679376,2
0.11972077031228556,2.7621999277766025,4.64969210920103,0.4936313660869997,0
-1.2421134140875423,2.6085046684497613,-1.2767846445805666,7.510729750558634,1
-2.3957665600878575,3.574273012192425,-1.780249584157312,6.879201593209311,1
9.877937240266387,-0.6628585638501201,5.479417639197371,-0.1736705950728491,2
1.6700432312366276,4.144213889302123,1.9215659617644387,1.9754074659141996,0
8.44964193356219,-3.1258757410816624,6.22349270665634,-0.18414056478233853,2
7.891843559338303,-2.9438081838530046,5.453210891844996,-0.6710505380147858,2
9.422726968578992,-1.5425402904187067,7.028311252278548,0.06017575293281807,2
1.1835408255201136,4.611519902127822,2.2145179898065805,-1.0608852951986019,0
8.767914488122702,-4.349451491838662,4.921379224084472,0.3994415801608256,2
0.06085751052346211,2.2746246595443838,-2.3818486003846093,8.83221965846141,1
9.096008593831188,-2.7107237441303056,6.033897834458777,2.5236597863644157,2
0.038389847395043364,4.736895280599733,1.6493257942443944,1.6220321648079012,0
0.4801677445639327,4.228982344768049,2.0674995050716953,2.4669232744738414,0
10.17298602259214,-3.9096998094255593,6.0784573855612765,2.1482023069693206,2
1.961587587486362,5.070706997109589,2.457893052562913,-0.878224340023892,0
-0.21176634750093304,2.594424788849699,-1.0504276068962823,7.933210818063779,1
0.058265308727449616,4.556283954525262,2.8755893186942996,2.2576122016174214,0
0.338833052994266,3.9065155131195923,1.9223869438459222,0.5998727805362085,0
8.537959491737613,-2.9651582828011667,5.441051640467628,0.5806159349487696,2
1.5547915762753735,4.653441784441564,1.2911235975264348,-0.5401278138636416,0
9.400279163341777,-4.380401536729112,4.577820633485169,1.5175127885655386,2
10.669317405721925,-1.1553173270496926,4.698335907396574,1.08319900648526,2
-1.4542261141181154,2.712048236114385,-1.6258026938054388,8.690102744354043,1
1.4700118558956836,4.187683388414023,0.02458305365138358,2.9621565212972563,0
10.180460078203835,-3.1766109655520127,5.308257420880533,0.7599981738676551,2
7.600810622449706,-1.709094426966343,6.695474032149239,-1.1130993667509603,2
0.04352916775211724,3.0407189783461144,2.5077566140725245,0.9955598053505639,0
10.144519479635113,-1.6705988154428666,7.0085626154615905,1.1090297683872865,2
9.4767949104252,-4.415601758845975,5.82756332044737,2.4877889569671003,2
-1.5767197372875836,4.957405922888751,2.9197037202923837,0.1554986395314949,0
-1.3123499614680334,4.555271742469927,0.03886089363311784,0.35820902656343545,0
-1.0300108683834357,2.252840643174432,-0.5167041928839963,8.155109798775667,1
0.8911544760270893,3.7394862941462295,3.022035532599338,1.4057315693294146,0
8.605532019104423,-2.342725143708747,6.673991433970897,0.4039684647529329,2
0.25067270008291076,2.9204233720533344,0.47232912409779604,1.508043039045142,0
-0.5049758836508034,3.031229192416073,3.574026858396458,-0.2734968015121435,0
-2.520265388645041,4.959954411160076,-1.2101377745667499,7.256541875698386,1
-0.74962704945395,2.626840798060097,-0.6941281964193805,7.1653341179142975,1
-1.107379904795764,3.842316283291632,-0.7516405762622986,8.847593205463903,1
9.369734352625823,-3.5059897244795066,5.7122084036207115,0.15018914200051264,2
-1.5079819093397107,2.8358481081876388,-2.2054138730215604,8.849432169753756,1
-2.776242528083448,2.2080971612136233,-0.5436130539962593,7.9910507506104915,1
7.658794237320689,-2.539768945708901,6.131906421970163,0.9409830602966307,2
-2.916685032118112,0.9642036987137164,-0.9524766862392631,8.678048812098574,1
-1.137810044356185,4.088923325953611,-1.574816752425358,7.82725013337198,1
0.7146246328355943,4.121542543658447,1.8523706806662108,0.7877808806286231,0
0.6872648675922621,2.3051478518650175,0.9092670949254347,0.9447297545964305,0
1.8397897369278096,3.499033586810521,4.40191455195944,-0.3814974470903214,0
1.6962538086896606,3.2008811144930203,1.9535702468780063,0.916943044451014,0
-1.3434753665543806,3.2057976935484014,-1.832631050057472,8.20105147586623,1
-2.8397536877716973,4.332756397255546,-1.0917795177998513,7.619116037345868,1
9.516145032803857,-2.7320043337523967,4.812940909071601,0.10787407840308572,2
0.6672571094993729,2.6277835211184133,3.207599086215998,1.977282251974758,0
8.624299282572771,-2.3714504418067324,5.427861791749858,0.49864066956135084,2
2.3027317209121883,3.3391809032421262,2.115162204549154,0.6851406151676276,0
-0.9867809868214114,5.208349331863662,0.3520120440026089,7.6466252354238105,1
-0.876819498849591,4.738821535422798,-2.0285356431362143,9.289495764480762,1
3.2460247025341027,2.8494216528496255,2.101026038734324,0.7104798099121032,0
1.2846013245058403,2.9257038603843126,1.743291413516665,0.057373264458630335,0
-1.0661096855206498,2.516896103436722,-2.219426439570541,9.261776876428621,1
-2.539361165965712,4.1684520938765575,-1.4827938096549007,6.972104434299812,1
9.80876577975969,-2.730738483807846,4.901422920759191,0.33912207821285645,2
-2.454266941294872,3.8062211233299656,-1.7729977297083706,6.450182431874396,1
-1.3113509594332207,3.4858896205595427,-1.1656447425899492,7.013925498622067,1
-3.335047939720157,3.3292165042307316,-1.7315053172252577,7.8380311980731046,1
11.219304712566466,-1.354787878964498,6.011659098994604,-0.44527473497086145,2
-1.010396568940146,3.3271772579740784,-1.6673377675539722,8.232566252091372,1
1.3470950798275971,4.445849132635626,3.575262382198651,2.6172529673541316,0
9.864982185172154,-2.807394059799115,4.121871438970837,1.1908507632410892,2
9.919472984915762,-2.4627405347463736,5.659134406555824,1.7994815363340717,2
8.888537357927033,-1.770166734986808,6.611934695447077,0.5930451806869296,2
7.742638965621969,-2.003546444249664,6.113697254167502,0.20084718878531022,2
8.534086009629759,-2.389895816853384,4.8839828162087615,0.1139019717272447,2
0.21415556662399693,3.4160071908124547,2.9916660649853375,0.3720230668359972,0
-1.4263228044929421,3.4570435354473195,-1.1620789323660303,10.026358028881434,1
-1.54190910025327,2.804470630690389,-0.16771164772066305,6.227783436598417,1
8.980916534169442,-2.5247067344954726,7.011732816050458,1.6178901797647762,2
0.7912164075371535,3.4961388398320343,0.6087328218694901,1.6979616092779644,0
12.072962859107504,-2.656945948069474,4.6820850326937915,1.466130385106867,2
-0.09448254296404746,5.358239054379527,1.6520905744596983,2.1201087303203643,0
-1.509388399943687,3.2415080259422413,-1.5820467350997145,7.815330911764057,1
-1.5567601348582716,2.799711476966531,-1.3909434868196153,6.607823595231186,1
9.08370954176401,-1.903141516463078,6.391469078493921,-1.1583434092420624,2
-0.975534022935107,3.643895597718892,0.9154650660061039,1.6826211811784368,0
8.513320942202679,-2.8034928632314,5.943147886366319,1.246237381418577,2
9.938844496975218,-2.3275533225337424,7.381172599865711,0.7923044083190711,2
7.44917565794022,-2.909878136481314,4.909607688552825,0.9074208372276242,2
2.6885752998897914,3.51167230688324,1.0097429643634122,-0.1871923995235083,0
-0.7218357408857594,4.691067802843453,-0.20029670796931143,-0.12484318369766667,0
9.693396832232281,-1.7736828275795489,6.570912165349563,0.1918950328487769,2
8.75067666848864,-2.6383013436431293,5.385463620206326,1.0688694502400684,2
-1.414346482315451,2.2623372318487647,-1.1807389175718255,8.613064153544506,1
1.3590025085587631,4.269545046916436,3.1516143670986763,0.6634478585934003,0
1.666699102929544,5.100459435813061,1.3973414288960826,1.8665462985009875,0
0.42196045197519416,3.8331496692935985,1.838317951496229,1.3430569108327342,0
0.17635645540583034,4.083711547628035,3.363936273785057,0.8718651016834498,0
-1.3722351795755732,3.9594506501517044,-1.2875237657841034,6.886527204791831,1
8.58815822968916,-3.040690634192446,6.578300915419274,1.1700474858398227,2
9.604945555565735,-2.4967984067775912,5.429394472191831,2.323182967745683,2
-1.3827975280986735,3.151340340995441,-1.1363833778498518,7.159756872269943,1
-1.9421354090435625,2.244218090023983,-0.4503425781794047,6.948580411770156,1
0.23151525649805516,3.4773487887893757,1.9568149970074455,0.23418537357582947,0
1.936317819696423,3.8872882450116975,1.7784445266589897,2.021568965552376,0
0.9405020066862739,6.68453267866814,2.385844277707252,1.8469101334961726,0
9.555340609535891,-2.6692901665318844,5.7319712808824645,0.15301795052302053,2
-0.7796205048912244,4.7547217892543046,1.3712566236956614,2.557214456127809,0
-1.223247539695627,3.951839248145906,0.6610868508109584,9.499333140079324,1
-1.4112389391755589,2.3705266870344563,-1.7990552004529903,8.62750151406457,1
9.476136254463208,-1.08447448259001,6.535180870746984,1.2745490493943534,2
-1.9573659251076982,4.067261644700247,-0.9507414207912044,7.8794822918169425,1
9.685527481681657,-1.7937728766076275,6.117179210818062,-0.514642419333049,2
8.259565937499396,-3.6087579957810956,5.887933202335751,0.1146625397448866,2
-1.3372014011419096,4.620452413574914,-1.1806215446792305,7.372438261532543,1
-1.8128631647070783,4.41479325485395,-0.0651362174144432,8.554357181169886,1
-3.3760347404973565,4.327834399729269,-2.6181152766990925,8.614920546900656,1
1.093669832796334,2.170409083267743,-2.548602606964489,7.031609611610074,1
0.1588882894373982,1.269836054966943,-0.9495421147541413,8.746105687871564,1
9.379975702972544,-3.243050922028457,4.366133805188866,1.1543770981166412,2
10.212093852931726,-1.884115471160289,6.961655276124838,-0.7469289749016357,2
10.419687223888431,-2.2591844285484237,6.042733932364299,-0.9409702640994406,2
10.525257192773617,-3.4758622547270432,5.743233741927116,0.1763277195451728,2
0.5916246554039772,3.859951234293192,3.133464825147116,-1.6615210064061596,0
7.790779249277962,-2.2909791077141515,7.203902914375374,0.5507534643916141,2
10.054422476202832,-3.206851450704996,6.448482070122718,0.0014437421011065377,2
0.3085573579759361,5.985709067521528,1.202681674262231,0.9206234155458883,0
-1.0251042594142663,2.8617827879922197,-0.7098187743916116,8.318801867422167,1
-0.4232100557597551,3.318412945931829,-2.105958397793044,7.970914678831575,1
-2.450816029031907,4.330033959631754,-2.6286865270534197,7.2995454539754325,1
0.21056788406840876,4.859574291531263,2.0656168359991773,1.6176974192795897,0
7.878415017185943,-1.5356200717150386,5.719538995375797,1.0737490640235192,2
9.066280735096923,-2.89447898274836,6.511746678069662,0.5459873194239478,2
10.414903155496688,-1.0570145959692614,4.169802722264377,1.0082772798411386,2
7.802853474882506,-1.3207420703589368,6.330680173941673,1.1548542884567425,2
-2.0082966372695386,4.314947562646865,0.24945925257341317,8.400727218178044,1
9.69030909901271,-2.9390375718739135,6.882487376445422,0.544071428485708,2
9.590584163722923,-1.7184888380933476,5.251289466837306,1.2219000939529998,2
-2.045582700510498,2.6344844868768704,-0.43172089497237986,7.837845213556829,1
-2.7201618466959445,3.2681481808951527,-2.5446161630215802,7.742435871197371,1
1.2626137674387747,4.912631161923841,1.0100141552859232,2.108808949620638,0
-2.022699507767115,4.134459975076063,-1.5869379601915479,9.870222559662748,1
9.554929767501077,-3.8569471353499925,6.312625758016305,0.4847756030106508,2
-1.485821787078026,3.511348180936362,-1.2380702560340768,10.033756354312086,1
1.1182232418672746,3.984458910303295,2.7468062725030644,1.5924128035939429,0
0.3692782154112386,2.1180961229473523,-1.5298312055462524,7.246073313663024,1
0.6011229618852112,3.077591135665371,2.238606720690479,2.568606692726794,0
7.395942391964489,-1.2428344136749379,5.752952248312765,0.024836483989705838,2
-2.7429805939677663,3.058554164641084,-1.9919279494470232,7.676447764087235,1
0.43432297614311,2.8456435026614546,-0.9371313286524967,6.757098924824814,1
0.13370354667260864,1.5012787789074822,-4.050458573137863,6.647035594058575,1
2.1156707630897955,3.0689615070947376,2.457609162610427,0.21285356899762364,0
10.519201466851602,-3.767810288169027,6.333155407301842,0.020210935032579203,2
0.6283082226256492,2.9503984693006764,1.0226244195407483,0.46091532247992945,0
9.738844400915516,-3.203328021255268,7.011287724037156,0.285304187899998,2
0.303809630770544,3.9442341659078486,1.2421212393884238,-0.82861894239374,0
1.3971883627221517,4.5503895137097246,1.4297104863236245,1.8898004884564426,0
8.847439343656717,-0.32302034410748703,6.772392133722686,-0.2753400892172224,2
9.099646974301205,-1.4329290010808298,5.6367133099805615,-0.259877864327117,2
1.5447289974707719,3.9709755625961805,2.5356920175506645,-0.07052240396916809,0
9.184882085288173,-2.063498730123667,7.958027184633465,1.9747474826894895,2
8.26570033423761,-1.764300251043374,5.1180566040668145,0.07162486188360007,2
-0.7518807499977351,3.3507198828331166,-2.056973306725684,6.731336029842332,1
-2.092401819596562,3.3939136447712372,-3.406324338707407,9.15401103373243,1
1.7480606297601624,5.127291481412121,4.218503470713568,2.234191609374329,0
-1.1712004974979209,2.4405959909298933,-0.7818762003641714,7.741067509230409,1
1.0914179516865872,3.924639764568467,0.3129113236236474,-0.4055790941743789,0
-2.186846718324243,3.1308994287630103,-0.6488864022238532,7.579143121951951,1
-1.2681064458812967,3.9581212255826816,-1.4349466968607603,6.6918186197997445,1
-1.3747270376336391,2.543755941068817,-1.26170724410354,8.650931984881653,1
0.10547292936461328,3.7249376626839745,1.7437149893055053,0.9538290021676823,0
9.886604375424222,-0.48746964700687734,6.1055917438691525,1.7143460221096039,2
1.9368273030037235,4.52962780605108,1.5057689751288377,-0.20090706761739274,0
1.7978557905962909,4.3090799737477505,2.855832324863875,0.9759238350995982,0
9.585889173034573,-2.5246335062747933,7.075799981969283,0.42200040929238514,2
10.331212771502472,-1.7259482651525877,4.683895125899241,3.1323478138094663,2
8.793221553202292,-0.50239419409622,5.046432727137943,-0.8627339481379286,2
9.344264015208616,-2.8247014739794816,5.83087794441679,0.09761128557971283,2
-0.37214300920962495,5.568770657304646,1.7544836449568508,0.23705506596094483,0
8.885941772563736,-2.6787541363998897,9.141075110763854,-0.9323012489200524,2
10.479379831782756,-0.8782918579673884,5.805817524155699,2.2613563437309816,2
1.211091604495227,6.435940738018834,2.991713247263994,0.8625684830682665,0
-1.771985768798761,2.13920678867551,-2.933637879617377,8.138471066097752,1
-1.3794696115709335,1.9404173840872536,-0.3688658328327802,8.47088454219559,1
0.5204447307471263,5.729946079467656,2.9913966697439602,1.576043758778407,0
-0.7177237163687427,1.7197893811420846,-0.8415986872792691,9.0371578713091,1
-0.6625372285756828,3.5704745198647245,4.204842056300165,0.8074198102721862,0
-1.868582110817786,2.942173175470903,0.03155624588187167,6.949493533600641,1
9.115949921740022,-2.054929771464472,5.209254839096118,-0.15859277644765957,2
2.89921210502688,5.784302118882814,3.922826481859448,1.8037083182133222,0
2.987526760009632,4.2591919009925325,2.250337218584259,-0.8838991957676545,0
8.091623895107658,-2.666260923836232,7.661229232314157,-0.8782660536650011,2
-0.17146131062748715,2.519734132583048,-1.4096293110239295,9.629908820866667,1
9.917159283521201,-3.7721617219905967,5.02920236980171,0.81665126546422,2
-0.3948988795445756,2.356901258201366,-2.61119672195416,7.04370349999813,1
1.9066785746576114,4.12847092512137,0.6333476497924411,2.8956197396879415,0
-1.18867853953679,3.569663523033739,-1.2467847745007394,7.0687551611046935,1
8.421732625616794,-1.9089850155153538,7.843719322828168,0.08808366379948745,2
1.5813901626286617,5.199343312999714,1.9233588816529108,1.3024254719784343,0
0.622276167293011,2.928836034030371,1.4116491185999873,-1.3257394922864898,0
10.182443705351552,-2.2504497330505786,4.7974714178046,-0.5350074998135275,2
10.263578020676531,-0.7047381324921882,7.12714678266576,2.0927806889510947,2
-0.8573416727128228,3.9223014535947476,-1.9746216069322524,7.663001418960137,1
9.914593354992816,-1.4973184017313739,5.862670634843289,2.5562710949377507,2
2.021293454049186,4.902826853824574,1.7145751775549476,-0.3655092521472174,0
-1.9272528282353287,1.4455593328666332,-0.3350538504939726,10.046764348881087,1
-0.893370110761505,2.3090671439159913,-1.4743782445101066,9.76126575310112,1
10.496219971941425,-2.6624782595139473,6.434487504815634,-0.19048492423958874,2
-0.6763733296984672,2.078758070733849,-2.260029858851639,7.9204281526793014,1
1.1536668275470952,2.7170737473374573,-2.2471045708415183,7.095323224902081,1
-1.9194712711870578,1.8256643199924993,-0.5496055404383949,8.357085242881935,1
2.2413479166352612,4.515284340180268,1.350346168925433,1.5776385041830392,0
-1.6077156261656464,2.214023225342676,-2.0190400754527156,7.3546146747688645,1
-1.393316826680108,5.167839627946038,-0.1843365372288588,1.2991627150282243,0
7.40013554765458,-0.7602049148086543,7.144697278852853,0.669335228249236,2
0.8858880712695483,5.671384567255103,3.089677407914396,-0.09854898043312932,0
-0.12834651897997573,4.272851070174431,3.634132715849366,0.10216310988464583,0
9.254196996245295,-2.1255129494649285,5.1580729228104065,1.0720014210720081,2
-0.8838494678826126,3.5061071904510595,-1.0356687283086137,9.382491512632438,1
-0.07228288652059756,2.883769390269415,0.3489973308078653,2.8484390551697265,0
-2.013995444933729,3.8168496559211826,-0.7373809528537327,9.149614449455543,1
1.2018517421152985,5.692932643126317,4.069327676351346,0.5908978839109322,0
1.2290735839656497,3.8957726184084933,3.829926082406211,0.5045104651838239,0
1.0214040939785054,6.643412133468448,1.7788346764170408,0.6380866781038974,0
2.2065607592742156,5.506167176232801,1.6679407040249257,0.5953609093626013,0
10.848562087752791,-1.4820544120140007,4.605605564718402,1.4662925046304922,2
8.146665784148588,-3.2849740437570096,4.670052307782827,-0.7006154454625975,2
0.6617146656009316,2.6981092756197604,-0.3475318696569696,8.726824121994538,1
0.46661789679484156,3.8657130258372034,0.8024721613829517,1.6751540157698468,0
-1.5715034059474788,3.1780151662718903,-1.3181122730023345,8.08557392252472,1
-0.3559415760480067,2.3351626376623695,1.3952112012987952,1.0734826132339648,0
1.9881125115406841,3.6458362826872213,2.5236527557099295,2.63354265762365,0
-1.28822244229007,2.8016598217953708,-3.191712626032973,8.343759201235567,1
0.9369872603189995,3.1356938297071926,2.5785441819646318,0.7261173287156888,0
10.020069042869519,-2.9686088269148803,6.706259257551121,0.9523986823003778,2
-1.4868325566741298,2.590127344036706,0.20755217709069318,7.8909522410853965,1
0.7085365416525287,3.175775995978383,2.3357092267491737,-0.09545995099164384,0
-1.070740401866772,1.9730120639451119,-0.6774672453645765,9.378256353934646,1
-0.44652483007984767,6.226112082892788,-0.05978849375492956,2.303029098662357,0
9.677569553349578,-1.826826048321451,4.690520062054551,-0.14167546085986205,2
9.935260576472489,-2.672044034053916,4.314526302067424,0.3613655232082603,2
-1.2868470839251867,3.0180416694237464,-1.7234308805753988,9.108413764561504,1
-2.856795874555968,2.5623874867246705,-2.445683470384717,9.321859269107978,1
9.375591056854807,-2.555261990547374,7.802230443796338,1.025581610800745,2
9.774504606310018,-0.21914999986437111,6.337297735105913,-0.6429104663608034,2
0.19808655709037282,6.040562284425101,0.6086896313969836,-0.6850219818648522,0
2.4656260406209753,4.825091075724104,2.6671947141640358,-0.4438330656451057,0
8.611063766490105,-3.9087766920237925,5.493940726715429,-0.7253216876203259,2
8.165608309119555,-2.0961924305953934,6.463500349110113,0.8919322387052342,2
8.491770551058726,-1.7333097456141768,5.328424205574637,-0.11054774366270936,2
-2.0557738667780208,3.0915941143201464,-0.6817104589279378,7.981764461642638,1
-1.4993943111920696,5.149898650858301,-1.3532354757651037,9.202874998101752,1
-1.207785613135623,3.2251470418387136,-2.8866794004879424,6.059071399295018,1
2.470754623037864,2.2338023024348574,2.481526252210979,1.5745716949681823,0
-1.5709489105978467,4.877444266538891,-0.3059414664691835,5.830334588989446,1
-1.5710437320697117,4.536341585565097,-0.6771459526163276,7.2917659859588175,1
1.4394004078651021,4.582883091840843,2.3941716466488225,2.9187072214227343,0
9.824728756821505,-3.1436856696700466,6.059448810717665,0.2495972883356159,2
10.162768763026348,-0.790236648075288,4.36858643314534,0.5083098401192915,2
-1.7831367112173444,3.775544171455575,-1.3588462775543575,7.40302803706315,1
0.8028061814736159,3.793757787692773,3.4477859708671503,1.9352493269885709,0
-1.422076210394691,1.9246250438955705,-1.5828773807002723,6.95590291833021,1
9.430324672878395,-3.311628869046601,5.266733520133105,-0.013261273864264345,2
7.930062666932146,-1.573131572062688,5.250659917663616,-0.4458030573427658,2
1.918738197766889,4.036192581213042,1.3772417398684276,2.195509450589036,0
-1.7949137966200173,2.4212740516036058,0.08813040757664337,7.715418893545486,1
-3.790564314257714,3.292902181153276,-1.3305994215375023,7.355837000567788,1
-0.7718543329660175,1.5213470237599656,-2.007751265175214,7.584703338881445,1
8.943017316756043,-3.1659767870189537,7.069883153662769,0.3340945979189668,2
-0.5645269358981297,4.367049321648722,2.2117740593982536,1.1298446961382127,0
9.480589256066276,-1.5720129483762113,5.935064964750454,-0.3770443625591502,2
-2.0820303587163553,2.745399944226162,-2.709994116962873,6.286663878638929,1
-1.2215832582094073,3.942047194106193,-1.0036454134166783,7.055536766716591,1
8.911582752666234,-0.17745011564479585,6.6819091171348255,0.3791785487493206,2
-3.118351888679937,2.9211044777762787,-2.3057294225476803,7.2794749837626265,1
9.582958799392246,-3.6728745669084804,3.5275429962074973,1.3094909000802275,2
-0.6666952149841141,3.897715531188558,1.5199973569000336,0.9230688683229529,0
0.4734533779039568,6.7162410069921386,1.09476313979973,0.1045462972302652,0
8.301912890187259,-3.195217762431672,3.750908422358367,-0.5732517405684723,2
-1.5131555258863718,1.0731810977050766,-1.6093689094860164,8.44442235729612,1
9.099905001643387,-1.0999160638911372,4.248648186473267,1.6092174994147146,2
0.5074058905796994,2.102346041947832,2.2545677183293433,0.847060118976271,0
-0.4653038431866443,1.7329948167613531,-3.0535074633765715,8.665846020981986,1
-1.924816111812747,3.7004611421751004,-2.9714840254624733,9.6329994027675,1
10.284703101239533,-3.2348605535501878,4.860972001479636,2.656128357866364,2
1.7282166662236906,4.866777046034517,0.8602807161642176,0.3972539926336729,0
-0.9227672727792212,1.2882986585846845,-3.369432219648586,5.996613411883096,1
0.9867700992673155,6.089657821354225,2.1821796141364977,1.2996530233826384,0
0.16267408145198803,3.782145817477771,1.9821478754846806,-0.39971599601880303,0
9.425155739135109,-2.908395247083684,4.26275002416011,0.5500500145513763,2
10.35431115410766,-0.7588393059492207,5.492008571402849,-0.4215316215034318,2
-1.0654351357807654,2.8714011053002326,-1.681810107479318,7.873456029095109,1
-1.6335566868821305,2.424667874222625,-0.6529554670538574,8.99961178186656,1
0.9592496646850545,4.682939063003472,4.31457647212373,0.8554065082772941,0
-3.332840275825327,2.8985594693618593,-0.18754077540398062,6.975331139349133,1
0.1262458193434155,2.2185643203610317,-0.862089397647781,7.9363270788989055,1
7.359454505350605,-4.616669072274091,4.232659809578774,0.5399913338739525,2
0.16247559531518918,2.8546697167114594,0.7375501782921126,1.4386718798977445,0
8.359599569531852,-0.5133432102233695,5.5004378132899205,1.4855570200048538,2
-3.5161734793831894,1.3773242894624291,-0.9342300829255471,8.20833602449403,1
0.5838810803968584,1.2576442726484633,2.5985794128203974,1.3367066176099793,0
0.32834219619857374,4.333538487507803,-1.5510017916504035,8.825139457577485,1
9.412000461310766,-3.6054889912188623,4.432170228768008,0.2708299082166522,2
-3.219274450696014,3.647228607613549,-0.5491196210274565,7.5367004150716586,1
1.6660882430812833,5.605633557013388,1.427179961791299,0.4166365414771491,0
9.205310089630087,0.02905896216896897,6.390046364723835,1.0174207178918873,2
10.598963169344959,-2.673151901168498,5.293141173222072,0.6694203418369657,2
8.822973375207457,-3.7504037042991163,7.285452575685419,0.012117066512477903,2
0.06897171416325287,4.355732723244529,2.7843580836104147,1.0266465706953476,0
0.6846280921946505,2.5627645190894883,1.2749631149313385,1.1687764563846517,0
9.275330231939954,-1.304369044633478,4.359340278621926,1.5885921110458936,2
9.50948069958887,-3.0837519078212448,5.879613765466258,4.005436942060582,2
9.287239744879862,-2.9101119748763127,5.245687562119448,0.4117452594501365,2
9.063254670910377,-1.279016146645775,6.742404843290976,-0.5153277874016309,2
1.1829605902544984,4.83482983442645,2.294413102086665,2.2955599210246724,0
-2.3590900473719674,3.0902214005623114,-2.897472749163282,9.23402210776713,1
0.6300206308991851,3.509151006376891,2.2532348113778453,1.979598878415202,0
0.377616141623509,3.1878903414879955,2.821930703077964,1.2539564774102256,0
-0.7922683721305357,4.659269120192159,2.869787343920744,0.9565892491195668,0
2.201140642740155,4.368643433791966,0.7755783482286385,0.3122324556601642,0
-0.10704004102546971,1.9527756532687055,-0.5686879089810678,7.411671767092118,1
0.9201370580977379,4.3024022847132946,1.3679684842762145,0.7801891135198253,0
-1.0272570581099394,1.6991984313559259,-1.002033013469718,6.917475709636978,1
8.506292174997258,-1.155109347030649,5.583578364872132,-1.1983066289519428,2
0.9209175305241055,4.0398499788557025,2.4080841279272565,0.7448892363925281,0
-1.1260183341177843,2.9082250248002146,-3.0454203901417687,7.033206843910783,1
0.40695802507630996,4.573691682389152,1.5884219753801154,-0.5192424531883226,0
0.37895400958113235,4.065865597712383,0.6312066124503464,0.4043437765757428,0
8.54654318403779,-2.5483327392086124,5.970531979027669,-0.26041276064061236,2
0.5699669481014324,3.4397423363460202,1.9116880097165574,0.5156382109875532,0
9.547212787194626,-3.657548115992607,6.973474572319557,1.5607396148754786,2
1.2001136418594058,4.633410309576128,3.3412515285131708,-0.6093347382763352,0
10.34589125727946,-3.469737493799922,4.945855478561655,0.44208855241440215,2
-0.16273811457047027,3.089385944489131,2.9262293036044973,0.01969304340206668,0
-0.7933091449925358,4.929746524459684,-2.1456652783774874,9.171695106454216,1
9.518511063464006,-1.4536645606480114,5.696601062754585,-0.922454881106241,2
-0.9770471459255146,2.9187821880042297,-2.790543925545829,8.697608072525862,1
-3.8990978847349207,1.5361372518381375,-1.3606995307654384,8.733324188844716,1
9.834705119571714,-3.590765792284167,5.501741997078068,0.37389052258158584,2
8.930970650260004,-2.735464044113939,5.771370861676889,-0.24336667935967038,2
-2.295753172896715,1.7487865140110956,-0.14475200801777466,7.260204020835476,1
1.0811772436320077,4.437700250063866,1.4426417825579423,0.07483533564365508,0
8.4371250831926,-0.5205878629008343,5.047468024390606,-0.006872541359379647,2
9.9674319304126,-2.5453765082503956,7.3402540004108,-0.017635479247590347,2
10.299752614603175,-4.103400743464868,4.142095024596834,-0.36832222529807,2
0.6671556337747863,4.070320665904697,3.787988708352011,1.5821647667971273,0
7.9527298631925545,-1.8320853478126788,6.140704157957,0.9415962877714519,2
9.57952769832577,-1.33201977328708,4.868437576609223,2.737911503428824,2
8.655912863468496,-1.8096753821733913,6.915447431508179,1.4672743032133433,2
-1.98879782857619,2.291392038184035,0.46258080780050537,9.249875058370618,1
-2.1250544657383914,1.3978429761410591,-0.8304020715288243,7.795441290289961,1
0.9651244667046538,4.3152862273184525,1.2175894795249327,0.3064805561735071,0
-3.1946839061061425,3.5059200100729355,0.3087542667860099,8.71948721306792,1
-0.5261264908352177,2.5261203727146837,1.5225647294533236,1.988413394372437,0
1.8008272981107316,4.834965693984085,1.9270255474051758,0.6258920934472402,0
9.351496365860966,-1.95405332611585,5.984547337709063,-0.8893509375924191,2
1.7469431330098384,4.173347593665063,3.8771826192932837,0.822013189349514,0
-1.8269106722336623,3.793391414474506,-0.9959849941340249,10.121061197169661,1
9.02159885107419,-2.9180722686644467,5.208442489763469,-0.7522960172664068,2
9.662257350674066,-2.6706239449492246,5.777521706675552,0.18171295030827178,2
1.1078440464545638,2.8982272800565,1.705485341321341,2.921135609707911,0
-1.7098089940788563,3.814130686689282,-1.2406382764279922,8.722324702224356,1
1.3407513277870007,5.775109283590728,3.6480382758503618,0.6390910282611656,0
6.46258715519139,-2.4818232615053386,5.353456739659257,0.34320404073516864,2
-2.267770717425978,2.3095911112516276,-1.8889814989363494,6.701148421919367,1
8.51013941467555,-0.8126866977047242,6.069965287038712,0.6902060834853586,2
1.9369634770071547,5.632850173988072,1.2377744238166515,-0.5036836331013737,0
-2.016732232069172,3.5766844030246356,-1.8451728865293446,7.6125008326712145,1
-1.150976587454425,2.004287751356016,-0.4385150439317028,8.91539123278413,1
7.5649344181529035,-0.7011873794766224,6.23249908494839,0.8156780285106856,2
-1.079879856336227,3.023602256800278,-1.2204936431206488,7.4099178028701465,1
9.429049140752175,-0.8111661059837021,6.356584015006116,0.07083843891509989,2
-3.32667519468865,1.8131921141275134,-0.8411254436629021,7.206902435397004,1
-0.6255659704260419,3.41660638560335,1.1224784799264396,2.1409830443930917,0
0.30854979218709566,4.630749922852847,2.3853026359431895,3.1236079916761956,0
2.509049292904953,5.7731460973486755,2.2102149471297943,1.2758261795401105,0
-1.5886473146798064,2.4710460076705014,-1.4320115049961424,8.660078235280062,1
-0.663886860070814,2.328184465633798,-1.5207885232339098,8.572981529055475,1
2.5943243475467206,3.4793782061205554,2.4778478937057606,1.445144232042602,0
-0.32241664361659517,5.579862673454578,3.3802815743196932,1.1029962237158966,0
2.2954069548480707,3.4213685088984715,3.1838615859474464,1.3936646062818991,0
-1.5015184088154463,3.5282740256385354,-0.9622432477680323,8.814027313087637,1
7.5593398204702975,-1.92608935029996,4.423677448272955,0.7428111243127873,2
0.6288194260479318,3.722518850588065,0.4226329951983827,-0.6701040643705172,0
0.43985995871283445,2.721648296389581,-1.1616725945807311,9.254715061552545,1
0.2566656899947022,3.490794338894313,2.3297838791568175,0.006748576942408935,0
10.40297856901758,-1.9821660613942704,5.808691000062438,-0.9845103388120422,2
1.646840528857405,3.5962816299378133,2.0950342560193733,-0.6693310509236656,0
-0.55815962011076,2.187525165775163,-2.0106173114737595,6.388519680885786,1
8.045160377405047,-0.8193043182881485,6.156705844628564,-0.7968959934504909,2
0.6653839068480234,4.401187493717173,2.454313867073008,-1.8749290964887133,0
-3.2571800747719912,3.5066246681406295,-0.8639323695349049,8.845171870453308,1
0.2715698026902613,5.247048052417885,2.80245585563751,-0.29128129526579927,0
-1.587266507614244,2.2068416645420115,-0.5285876042088186,7.587040708936556,1
0.5893992316958485,3.7934945878147612,2.239193015773188,0.5121738995623286,0
10.187139868304094,-2.5890644830938028,5.943316032567505,-0.9175124802021808,2
0.12794955574126254,3.9781178586282158,2.5257006662793597,1.2091107314920924,0
1.4891065361392517,3.977468865290072,2.6579751778622076,0.30301389021753145,0
8.488470480959958,-2.5012919282356116,5.350290339914388,0.24998033874767112,2
-1.9300923200714388,3.8672877851263414,-1.411510723579329,7.749004732930547,1
-1.4210693696051266,2.057372514223515,-2.8794752823996834,7.5339877007799005,1
7.659832198521784,-1.8665272246183815,6.698622093030899,-0.9285647709136295,2
-2.30413205537704,2.6178786843953277,-2.254814839540388,5.692151950402906,1
1.7476760272233407,5.333226156231158,1.1465042754738248,0.47334603896003535,0
9.746044866042517,-2.8582612337084874,5.298230617566507,1.7877356172421863,2
-1.8481629502799148,2.429316040578497,-0.9154575573416954,8.849210563139854,1
0.9340986272559161,4.016900135058482,1.9936411193372305,0.7903583836467621,0
9.42654367915301,-1.637040915346559,5.505773068916684,1.2418634705843106,2
7.939912931129885,-1.963385612564149,4.4462672629834294,-1.997304231711177,2
-2.1235748687602154,3.484940473853305,-0.2600152010034533,7.321557065361679,1
-0.12538059721665995,3.0763161081186543,-2.390157193949997,6.524489645200382,1
-1.7591980204085027,3.646812128718362,-3.827306519935625,6.897950629532865,1
10.81778957595188,-2.744932117203744,5.330368681489554,1.856427584042754,2
2.409622581428487,4.7221853387575825,2.4908136807285315,0.29843938247821744,0
8.320075712005515,-2.8104670210388782,4.488993033633317,-2.814401598364287,2
-0.7080646406225576,3.058378168772599,-0.5984261400661716,8.270248821102633,1
10.35584658049148,-1.9631659642039025,6.2033894692389575,0.291580114248063,2
-2.0166290355949323,2.6385855920547505,0.009488442749888026,5.748825036221051,1
0.5810410958921407,3.144366811048477,1.9693367544612652,1.0919565979837085,0
-1.883775541247504,3.4635395848031503,-1.0974375684135564,7.579989229453824,1
10.409848067736272,-1.6226496826564398,5.695854517935922,1.5019187333208714,2
2.3408019266489664,3.6143381428984522,1.4029739214978587,0.37647434763682597,0
0.7203124093322267,3.9557409478057703,1.2729005545307883,1.522782316371667,0
1.3357744781175052,4.159220510514654,1.6936682406512582,1.9622487960657886,0
10.413714883961179,-3.5175516241661473,4.76935265726921,-1.5857626177582733,2
-1.0840578994751664,3.13627933446306,-1.5924522312135314,7.582749343599987,1
7.866795554916955,-2.505992995102212,6.514444767769247,-1.585199253338037,2
10.970601691034535,-2.8977726481221495,4.831235004749403,0.7525279728716587,2
8.416952383025336,-1.07129429196743,6.075497493698413,-0.3944195229684285,2
8.896471100913052,-3.2402019497365364,5.689330517460074,0.04156587385917465,2
2.3472590848376162,3.793944085309911,2.380137137229064,1.8947816407296965,0
1.4244653629698076,5.999968900276551,2.0404098180781753,1.719069596962748,0
-0.6406108186004373,2.8626232656034705,-2.748584150724721,7.016955875047918,1
10.79702640763764,-2.388450823274961,4.386033898405303,-0.9948980574900845,2
10.218793999467692,-2.5325541667671896,7.345025493636568,0.006419980005989534,2
9.392326290892916,-3.5444219536368635,8.435172632070696,0.39927779635763183,2
9.800036915277936,-2.2301087791269736,5.445857788180655,-0.06889362053331316,2
1.0314414333267268,4.602764783567408,3.703771531701057,-0.652350529420211,0
0.301937417889119,4.335617885722741,1.4194214430539969,1.5740969548844366,0
9.59065507034961,-0.8256026737271369,6.596204906513426,1.0097838792027194,2
-1.437827810725342,2.788728778873009,-0.983517016990443,6.1736116484233445,1
-0.46787675877993906,1.8953178700724371,-2.1034962319970143,9.092679666470588,1
8.174832957128434,-2.7084340789665715,6.516670244460907,2.1435142547041734,2
-1.8328565883202974,2.4794078032985167,-1.6184199392598528,6.876204623001006,1
-0.18887976223686143,5.2046138144025775,2.520929961163338,-0.6385800263392869,0
-0.5149875141591105,4.743179028712927,2.221941016805407,1.5326950968300432,0
-0.4727261042829827,3.8687159583369226,-0.6889567933552659,6.771764424616046,1
7.463565017289099,-4.190693229111373,6.248807595577243,0.7018580219297494,2
-1.2995580630784245,4.53213180861335,-0.2396584878860466,8.36305739841591,1
1.218388039531618,3.415067070094759,2.992009984968135,2.30999136597538,0
8.536070040449673,-3.0094994613584154,5.751212365953329,2.1807620244352246,2
-3.211421268646788,3.7244460292293824,-2.0834484649376335,6.888719604684405,1
9.411326854466193,-1.1265691568352674,8.715961474817256,-0.015963520324599134,2
-0.24166843304665586,3.9988236895939697,3.0842030140277323,0.8253766523779319,0
-1.1844766619350777,2.6944561491384267,1.2160661587692152,8.029291752570007,1
-0.5432678174327259,2.832267307102626,-0.9959243433616289,7.444662019560581,1
1.8341940028388315,5.444889194105963,3.521846237007056,1.7502155993991688,0
7.277278340863822,-3.2173904426590623,6.051767446346622,-1.0676953287319033,2
-1.8010890668809383,5.455521302229189,1.466038534922728,0.4491986537338776,0
-2.4227197736327324,3.466210391831103,-1.1495883209303546,8.032641070838961,1
2.932182386797189,4.693880650136316,1.402858939045858,0.5067102847503357,0
8.867782752879915,-1.8972306552541565,5.650909998182738,0.903097109745154,2
1.6426531605784094,3.843067540059837,0.7210090500301245,-0.4490538458596185,0
9.413081807788238,-0.5923124154736887,5.789117397507019,0.5247600556166077,2
7.945250582722477,-2.099702863691235,6.831008812720199,0.029760927268919324,2
-2.629134204128996,2.893332837690744,-2.0841118422277716,6.893366426768479,1
8.528231993212897,-1.3189091134191098,4.306868813474518,1.5066403198650302,2
-0.5741592665369859,4.721106148480225,1.110899030608584,1.135766807770249,0
3.2970699178267933,4.420878199603832,2.5894686922786496,1.2155487571761183,0
-3.4406466840834122,3.581443837924504,-1.4023281731709856,9.029071696390792,1
9.740005860439021,-2.170063301242767,6.154532693746023,2.657075059853126,2
1.583381750462541,3.255616920622917,1.1950050694753591,1.2259649549386922,0
9.64739320782217,-1.020905020101117,5.5667529641221005,0.7910746588244799,2
1.838866089874946,1.6481682344734572,3.568595604006083,1.4507957241455207,0
8.175157249658028,-1.8189028966584635,5.9203438669957436,0.08397168797216803,2
1.7079290055768874,4.238298952303907,2.4034367566746866,1.5609217496171108,0
8.0427091643752,-2.838076238321276,6.646834350995123,1.1241702620018543,2
1.6803811006880771,2.8081078111913738,4.581635761788876,2.6675850481346703,0
1.7495230559490946,3.1199066872550723,-0.6039047165638629,1.5039831842973177,0
9.665629537679711,-2.985656128669405,4.799705476902703,-0.19924911449022198,2
-1.026887317364603,1.4860844832680853,-1.8772364823374186,8.905532527712571,1
-1.069594366501094,3.880224006147468,-0.4774188143412136,8.078628231044085,1
9.29546787453707,-1.7877161839017202,5.9744892290401515,0.23385276620846335,2
8.904818866697676,-1.8423838808409743,6.126622379604155,-0.014009718414305206,2
-2.3160061934785556,2.919130717121609,-1.408195562503193,7.003502522424469,1
10.248393620599215,-3.660506192818713,5.293453979733621,0.486460663808578,2
2.1304541090405142,4.476291743941256,2.0763295427749417,0.9971181169686486,0
-1.937122706002234,4.3000641497262615,0.23852669933948056,7.878239735525161,1
7.559198617299801,-2.1719354222561655,4.570773139777085,2.2429478018485307,2
0.2799434246854122,4.013390226644523,3.3830502173908608,0.7963821737205374,0
7.940959743165766,-0.44076592040278983,5.524189912074076,0.682653439320319,2
-3.2116329720958463,2.4184655003110844,-2.6751934601731415,6.902889785744581,1
9.669231421160198,-0.5196639186641994,4.96542317565338,0.11966924135560614,2
0.8140516309698043,5.073217505625694,2.3858002646677936,0.7523892027331676,0
1.2605845975444396,4.7191879536195165,1.0237850611176202,-0.5323275987475116,0
2.102906000653002,3.2238558190849664,0.9077988690217755,0.4598436151935028,0
-1.5626467467700789,3.253898003995115,-0.36176423538653435,7.563328259623386,1
9.23065328152955,-1.9428808095162027,6.950477289680034,-0.3426397680333515,2
-2.7883957600125204,3.431886441149186,-0.16070945927925573,8.57476454877462,1
2.272419946074378,4.920246640074545,2.5918640419997017,1.3023591155522372,0
2.1976550380056934,4.110945498904425,2.0219482385877248,-0.6331398374615558,0
0.7567290502152818,3.2197507067764555,2.407047632114236,1.2768991934735237,0
0.9848979774640714,4.8307915359030495,2.509049434068562,-0.9320767510665946,0
-1.9943450228478117,2.0577288764084596,-0.3891515819606196,7.025833439601481,1
-0.39448990399656547,5.169440250264243,3.1366435558910677,0.26628767148854804,0
-0.22372305157347294,3.046418578189171,-1.3907036435349915,6.526696501402986,1
1.552860895161436,4.095488571870395,2.451274234094523,-0.19539784879256894,0
-1.6250652244278359,2.0312680012770103,-1.395609439328994,8.89526631057537,1
-2.1739575396046646,3.089125806485335,-1.2093470688899353,8.462024266386955,1
8.748315787106588,-2.0567526282024367,4.7345299540839845,0.17354617543408896,2
-1.7837737105538223,3.211353658982945,-0.17789575777297628,7.115458584350785,1
0.17312869120486674,3.8394496360128985,3.077058107021551,0.34512298652120765,0
-2.6363815668580504,2.370364160653691,-0.5822886286766125,5.300905553557364,1
-2.492857872063775,2.193570942102,-2.0214482849695887,6.345527007420102,1
-0.4686701205268766,3.093244333325038,1.2665982669235119,1.9923020346500282,0
1.8179013426201314,4.054328747287441,2.1047625030829686,1.3915004362188932,0
1.6537322478929068,4.355607716930812,1.176106892597803,0.6665620523449403,0
1.852102840133826,4.188679858961163,2.512683127653869,-0.06694835379579156,0
8.48678679494936,-3.507642777845528,4.553694047504296,2.2395502562428593,2
0.9950618703207529,3.7100098796697223,0.04338720218816894,1.4873672655126606,0
-1.996214749501012,3.7935779401126295,-2.613418651971319,9.782558658461951,1
0.23436211419795772,3.6719779249893656,-1.8732831654308215,7.445067321656086,1
0.07886915164466457,5.616257694589386,1.1962951329885356,-0.0012784965275991489,0
-1.2878169328483062,2.3099948150511684,-2.1815720149730726,7.800984969553196,1
1.0149006303866832,2.6470722251264363,1.0697567837487272,-0.57417134752565,0
-1.3218173879900517,4.07941606489224,-0.257346601061305,7.648750903831814,1
9.683237565969554,-1.9305292566749188,4.915981685183187,2.4037841473657826,2
8.992807428553132,-3.511455229835636,6.8466690568280795,1.9620851196389089,2
8.260669284682622,-2.0861844163963283,8.246848503165946,0.12068164259742403,2
9.24312190354296,-2.3958980080998384,6.559249911982552,1.9925081377470595,2
-3.009787370795948,1.6084701150021086,-0.43039394356115446,8.073660207663632,1
0.9089944696235133,2.985391457803656,1.6845635182124246,-0.04795213561835454,0
1.2161371844417737,4.4627460015740334,2.248131476983264,-0.259353620877931,0
8.840427941410177,-1.956200898781319,6.3289462047150815,1.3392895625541956,2
-1.704041396537229,2.0271530782716267,-2.1688821477630196,8.757394819866171,1
-2.179665462570618,1.4589415307357974,-1.0783778149492258,7.92628594267792,1
8.864799778346478,-1.2266152020123966,5.768385535700088,0.15539967823265383,2
0.8202461875492078,5.3528805153684,5.226242294723058,1.0871632974858503,0
0.8657294213140224,5.32396003916419,1.363217673648487,2.434040714183735,0
9.495730786649306,-1.7868147451990524,6.483711289487504,0.030695651048544437,2
0.37561252088870656,5.856030507496951,2.3421720094362244,-1.4229306158528048,0
-3.133343702671738,1.5448287252911943,0.6184273735854768,8.592928345702997,1
-1.0143417817957832,2.5587656662672376,-2.3068276723515178,7.326454177050274,1
1.0746479853619708,4.685203581657561,2.122759778673685,0.9140017440508293,0
0.769325367989204,3.625691866662143,2.8092589884113575,1.9629791520359317,0
1.6485648355589304,4.711249163689501,1.2853514469875615,1.4369128512297542,0
1.1934497111847753,4.381998508540542,3.45981303637259,1.0441044304161866,0
0.5353474462539036,4.023431832263881,1.6905739770411925,1.0543675152103007,0
0.6107189885604578,5.241879868354036,2.3520006939269913,1.7276498190190401,0
-1.9556060788077343,2.2800417048595385,-2.9124287599123235,7.7088906840022045,1
-1.02794563695242,4.680663848299282,1.5095555474150957,-0.9869221850415109,0
8.686036645996065,-2.9740209224470133,5.248153850733058,0.13102733000479183,2
10.105132995080265,-2.3243084249449475,6.9587224961000524,2.87277956131348,2
-2.1109975600168247,3.2529878815291218,-3.6858201339455063,8.950384575131874,1
-0.04197841452195128,0.7939922432875637,-0.7886708699120941,8.115517875679274,1
0.22657973384359842,4.3365960750621015,-0.5275291115370666,-0.2562867037140726,0
9.277430209103088,-3.8146611768524465,4.354705146328944,0.7125856573963263,2
-1.6505536391139362,3.422852242795963,0.47544050092111156,8.548476245352532,1
-0.8925173400328542,4.547158031291985,-1.1091916244414677,6.977789811066194,1
1.4531684474687174,4.452236908828468,2.5843127597673097,1.3202922816467626,0
1.8089208180109733,4.630853536569412,3.6868649489651495,1.2754228296686547,0
0.47823762785419016,6.2333193812653755,3.0046883283586387,0.9852149013231277,0
-0.9885744099457285,2.7754368438237536,-1.4486092547511376,6.121413899592598,1
9.611570749246246,-0.8843775495641226,5.620005655164702,2.2409373528129946,2
-0.976115399119174,3.513305418096846,-0.8034023365596417,7.83169719849657,1
-0.3170538868116004,1.511777489942112,-2.8529943046071375,9.294174765317587,1
7.496564191091338,-3.265952649715506,3.5212988279562247,0.2617568193083725,2
10.07569412020498,-2.042163731089079,5.2808583717220605,0.914152415428499,2
0.574972273412985,3.987132032396283,2.652174002680832,-0.08962303351971557,0
-1.532831419055137,4.283942329736455,0.3068582573129175,8.448786241970295,1
10.151179379345331,-1.2273956209907573,5.62429322115253,0.1336953310651398,2
10.146986255681263,-4.6800070433995575,6.2339750968617835,0.08920367914000521,2
